request_id,date,country,region,category
R001,2024-11-28 20:23:05.525850,India,North,Education
R002,2025-06-18 20:23:05.525850,Bangladesh,South,Food
R003,2024-11-09 20:23:05.525850,India,Central,Housing
R004,2025-10-05 20:23:05.525850,India,North,Medical
R005,2025-06-24 20:23:05.525850,India,Central,Medical
R006,2024-11-23 20:23:05.525850,Sri Lanka,South,Housing
R007,2024-12-24 20:23:05.525850,Nepal,North,Medical
R008,2024-10-29 20:23:05.525850,Sri Lanka,East,Education
R009,2025-08-03 20:23:05.525850,Bangladesh,East,Food
R010,2025-09-04 20:23:05.525850,Sri Lanka,North,Education
R011,2025-04-28 20:23:05.525850,Nepal,North,Housing
R012,2025-01-20 20:23:05.525850,India,West,Food
R013,2025-01-12 20:23:05.525850,Nepal,Central,Education
R014,2024-12-30 20:23:05.525850,Bangladesh,North,Food
R015,2024-11-17 20:23:05.525850,Bangladesh,East,Food
R016,2025-06-24 20:23:05.525850,India,West,Education
R017,2025-03-03 20:23:05.525850,Nepal,South,Education
R018,2025-04-23 20:23:05.525850,Bangladesh,East,Food
R019,2024-12-14 20:23:05.525850,Bangladesh,Central,Medical
R020,2025-07-30 20:23:05.525850,Sri Lanka,West,Education
R021,2024-11-28 20:23:05.525850,Bangladesh,East,Food
R022,2025-06-26 20:23:05.525850,India,East,Housing
R023,2025-06-06 20:23:05.525850,India,South,Financial
R024,2025-05-13 20:23:05.525850,Bangladesh,West,Housing
R025,2024-11-26 20:23:05.525850,Sri Lanka,South,Education
R026,2025-08-11 20:23:05.525850,Bangladesh,Central,Financial
R027,2025-06-09 20:23:05.525850,Sri Lanka,Central,Housing
R028,2025-04-19 20:23:05.525850,Bangladesh,South,Financial
R029,2025-02-11 20:23:05.525850,India,North,Food
R030,2025-08-04 20:23:05.525850,Bangladesh,West,Financial
R031,2025-09-19 20:23:05.525850,Sri Lanka,West,Financial
R032,2025-02-24 20:23:05.525850,Nepal,Central,Food
R033,2024-11-07 20:23:05.525850,India,Central,Education
R034,2024-11-27 20:23:05.525850,Nepal,North,Education
R035,2025-03-13 20:23:05.525850,Bangladesh,West,Food
R036,2025-06-09 20:23:05.525850,Bangladesh,Central,Food
R037,2024-12-05 20:23:05.525850,Nepal,Central,Financial
R038,2025-07-12 20:23:05.525850,Bangladesh,East,Medical
R039,2025-01-18 20:23:05.525850,India,Central,Education
R040,2025-02-13 20:23:05.525850,India,North,Education
R041,2025-05-17 20:23:05.525850,Bangladesh,North,Medical
R042,2025-01-04 20:23:05.525850,India,North,Housing
R043,2025-09-16 20:23:05.525850,Bangladesh,South,Housing
R044,2025-01-13 20:23:05.525850,Bangladesh,East,Financial
R045,2024-12-15 20:23:05.525850,Sri Lanka,South,Financial
R046,2024-11-02 20:23:05.525850,Bangladesh,East,Housing
R047,2024-11-12 20:23:05.525850,Nepal,West,Financial
R048,2025-03-04 20:23:05.525850,India,South,Medical
R049,2025-09-19 20:23:05.525850,Nepal,North,Financial
R050,2025-01-11 20:23:05.525850,Bangladesh,Central,Medical
R051,2025-10-18 20:23:05.525850,India,North,Medical
R052,2025-09-17 20:23:05.525850,India,East,Food
R053,2025-01-31 20:23:05.525850,Bangladesh,East,Housing
R054,2025-07-04 20:23:05.525850,Bangladesh,Central,Financial
R055,2025-02-21 20:23:05.525850,Bangladesh,West,Housing
R056,2025-07-16 20:23:05.525850,India,North,Housing
R057,2025-04-23 20:23:05.525850,Sri Lanka,West,Housing
R058,2025-09-24 20:23:05.525850,India,North,Housing
R059,2025-05-01 20:23:05.525850,India,South,Medical
R060,2025-07-16 20:23:05.525850,Sri Lanka,South,Housing
R061,2025-07-20 20:23:05.525850,Nepal,West,Medical
R062,2025-09-13 20:23:05.525850,Sri Lanka,Central,Food
R063,2025-09-26 20:23:05.525850,India,North,Medical
R064,2025-07-28 20:23:05.525850,Sri Lanka,West,Housing
R065,2025-07-04 20:23:05.525850,Sri Lanka,North,Medical
R066,2025-04-10 20:23:05.525850,India,West,Education
R067,2025-03-03 20:23:05.525850,Nepal,West,Financial
R068,2024-11-17 20:23:05.525850,Sri Lanka,South,Medical
R069,2025-05-23 20:23:05.525850,Bangladesh,North,Financial
R070,2025-01-17 20:23:05.525850,India,East,Food
R071,2025-09-26 20:23:05.525850,Sri Lanka,Central,Financial
R072,2025-08-02 20:23:05.525850,India,Central,Food
R073,2025-07-18 20:23:05.525850,India,Central,Food
R074,2024-11-10 20:23:05.525850,Bangladesh,West,Food
R075,2025-01-03 20:23:05.525850,Bangladesh,Central,Financial
R076,2025-10-01 20:23:05.525850,India,West,Financial
R077,2025-01-05 20:23:05.525850,Nepal,East,Medical
R078,2024-11-13 20:23:05.525850,Nepal,South,Education
R079,2025-04-02 20:23:05.525850,Bangladesh,East,Housing
R080,2025-05-13 20:23:05.525850,India,North,Housing
R081,2024-12-07 20:23:05.525850,India,North,Financial
R082,2025-07-04 20:23:05.525850,Nepal,South,Education
R083,2025-09-16 20:23:05.525850,Bangladesh,East,Education
R084,2025-08-02 20:23:05.525850,Sri Lanka,Central,Education
R085,2024-12-12 20:23:05.525850,India,Central,Education
R086,2024-11-16 20:23:05.525850,India,South,Education
R087,2025-08-23 20:23:05.525850,India,Central,Medical
R088,2025-06-04 20:23:05.525850,Nepal,Central,Medical
R089,2025-04-29 20:23:05.525850,Bangladesh,East,Financial
R090,2025-02-13 20:23:05.525850,Nepal,North,Food
R091,2024-12-01 20:23:05.525850,Sri Lanka,East,Food
R092,2025-10-20 20:23:05.525850,Nepal,South,Education
R093,2025-07-31 20:23:05.525850,Sri Lanka,Central,Housing
R094,2025-01-07 20:23:05.525850,India,North,Food
R095,2024-11-02 20:23:05.525850,Bangladesh,Central,Food
R096,2025-04-15 20:23:05.525850,Bangladesh,West,Medical
R097,2025-09-30 20:23:05.525850,Nepal,East,Food
R098,2025-04-21 20:23:05.525850,Bangladesh,South,Food
R099,2025-04-23 20:23:05.525850,Sri Lanka,Central,Medical
R100,2025-06-22 20:23:05.525850,Bangladesh,South,Housing
R101,2025-10-09 20:23:05.525850,Bangladesh,East,Housing
R102,2024-11-13 20:23:05.525850,Bangladesh,East,Medical
R103,2024-10-27 20:23:05.525850,India,West,Food
R104,2025-02-23 20:23:05.525850,Bangladesh,South,Housing
R105,2025-04-25 20:23:05.525850,Nepal,South,Medical
R106,2025-10-09 20:23:05.525850,Bangladesh,West,Education
R107,2025-06-01 20:23:05.525850,India,East,Education
R108,2024-11-27 20:23:05.525850,Sri Lanka,Central,Education
R109,2025-10-07 20:23:05.525850,India,East,Medical
R110,2024-12-28 20:23:05.525850,Nepal,North,Food
R111,2024-12-20 20:23:05.525850,Sri Lanka,East,Education
R112,2025-03-12 20:23:05.525850,India,West,Financial
R113,2025-07-16 20:23:05.525850,Nepal,North,Housing
R114,2025-10-21 20:23:05.525850,Bangladesh,East,Housing
R115,2025-09-16 20:23:05.525850,Nepal,Central,Education
R116,2024-11-16 20:23:05.525850,India,East,Financial
R117,2025-05-16 20:23:05.525850,Sri Lanka,East,Housing
R118,2024-10-30 20:23:05.525850,Nepal,Central,Medical
R119,2025-07-15 20:23:05.525850,Sri Lanka,West,Medical
R120,2024-12-10 20:23:05.525850,Nepal,West,Financial
R121,2025-10-21 20:23:05.525850,Nepal,East,Medical
R122,2025-03-15 20:23:05.525850,Nepal,West,Housing
R123,2025-03-09 20:23:05.525850,Bangladesh,Central,Housing
R124,2025-07-27 20:23:05.525850,India,East,Financial
R125,2024-11-16 20:23:05.525850,Nepal,North,Medical
R126,2024-11-11 20:23:05.525850,Nepal,South,Medical
R127,2025-08-07 20:23:05.525850,India,North,Medical
R128,2025-02-20 20:23:05.525850,India,West,Housing
R129,2024-12-03 20:23:05.525850,Bangladesh,West,Housing
R130,2025-03-31 20:23:05.525850,Bangladesh,South,Food
R131,2025-08-28 20:23:05.525850,Sri Lanka,South,Medical
R132,2024-10-30 20:23:05.525850,Sri Lanka,North,Financial
R133,2025-06-16 20:23:05.525850,India,West,Medical
R134,2025-02-26 20:23:05.525850,Nepal,West,Financial
R135,2025-02-05 20:23:05.525850,Sri Lanka,Central,Housing
R136,2025-08-01 20:23:05.525850,Sri Lanka,West,Education
R137,2025-06-17 20:23:05.525850,Nepal,Central,Housing
R138,2024-12-05 20:23:05.525850,Bangladesh,East,Housing
R139,2025-09-12 20:23:05.525850,Nepal,South,Education
R140,2025-05-03 20:23:05.525850,Nepal,Central,Food
R141,2025-08-12 20:23:05.525850,Bangladesh,South,Housing
R142,2024-10-31 20:23:05.525850,Bangladesh,South,Food
R143,2025-03-23 20:23:05.525850,Sri Lanka,East,Financial
R144,2025-02-25 20:23:05.525850,Sri Lanka,North,Medical
R145,2025-03-20 20:23:05.525850,Sri Lanka,Central,Food
R146,2024-12-31 20:23:05.525850,Sri Lanka,West,Food
R147,2025-04-24 20:23:05.525850,Nepal,West,Housing
R148,2025-01-19 20:23:05.525850,Bangladesh,West,Medical
R149,2025-06-04 20:23:05.525850,Sri Lanka,West,Food
R150,2025-04-05 20:23:05.525850,Nepal,West,Medical
R151,2025-02-24 20:23:05.525850,Bangladesh,Central,Financial
R152,2025-10-08 20:23:05.525850,Sri Lanka,Central,Financial
R153,2024-11-16 20:23:05.525850,India,North,Housing
R154,2025-08-13 20:23:05.525850,Sri Lanka,South,Food
R155,2025-06-10 20:23:05.525850,Sri Lanka,East,Medical
R156,2025-03-03 20:23:05.525850,Nepal,East,Housing
R157,2025-06-01 20:23:05.525850,Sri Lanka,East,Food
R158,2025-02-23 20:23:05.525850,India,Central,Food
R159,2025-04-25 20:23:05.525850,Bangladesh,North,Food
R160,2025-10-06 20:23:05.525850,Bangladesh,South,Food
R161,2024-12-07 20:23:05.525850,Bangladesh,South,Medical
R162,2025-02-21 20:23:05.525850,India,Central,Medical
R163,2025-02-25 20:23:05.525850,Nepal,East,Medical
R164,2024-12-15 20:23:05.525850,India,South,Education
R165,2025-08-27 20:23:05.525850,India,East,Financial
R166,2024-11-09 20:23:05.525850,Sri Lanka,West,Medical
R167,2025-09-13 20:23:05.525850,Bangladesh,North,Education
R168,2024-11-05 20:23:05.525850,India,Central,Food
R169,2025-04-27 20:23:05.525850,Sri Lanka,East,Food
R170,2025-02-04 20:23:05.525850,Nepal,North,Housing
R171,2025-02-13 20:23:05.525850,India,West,Education
R172,2024-11-30 20:23:05.525850,Sri Lanka,South,Housing
R173,2025-07-23 20:23:05.525850,Nepal,Central,Financial
R174,2025-02-16 20:23:05.525850,Sri Lanka,West,Financial
R175,2025-06-06 20:23:05.525850,Nepal,South,Food
R176,2025-06-01 20:23:05.525850,Sri Lanka,South,Housing
R177,2025-01-03 20:23:05.525850,Sri Lanka,East,Food
R178,2025-02-10 20:23:05.525850,Nepal,South,Housing
R179,2025-07-05 20:23:05.525850,Nepal,East,Education
R180,2025-05-31 20:23:05.525850,Nepal,Central,Food
R181,2025-01-30 20:23:05.525850,Bangladesh,North,Medical
R182,2025-03-27 20:23:05.525850,Sri Lanka,Central,Medical
R183,2024-11-02 20:23:05.525850,Sri Lanka,West,Housing
R184,2025-10-13 20:23:05.525850,India,East,Medical
R185,2025-03-28 20:23:05.525850,Bangladesh,East,Financial
R186,2025-04-16 20:23:05.525850,Sri Lanka,Central,Financial
R187,2025-04-28 20:23:05.525850,Sri Lanka,Central,Education
R188,2025-04-24 20:23:05.525850,Sri Lanka,East,Education
R189,2025-06-15 20:23:05.525850,Bangladesh,North,Medical
R190,2025-05-13 20:23:05.525850,India,Central,Medical
R191,2025-07-15 20:23:05.525850,Bangladesh,West,Education
R192,2024-12-24 20:23:05.525850,Nepal,North,Medical
R193,2025-05-23 20:23:05.525850,Bangladesh,East,Medical
R194,2025-05-20 20:23:05.525850,India,Central,Medical
R195,2025-06-03 20:23:05.525850,India,North,Financial
R196,2025-05-25 20:23:05.525850,Bangladesh,West,Food
R197,2025-10-15 20:23:05.525850,Nepal,West,Housing
R198,2025-03-10 20:23:05.525850,Nepal,South,Food
R199,2025-06-14 20:23:05.525850,Sri Lanka,North,Food
R200,2025-03-30 20:23:05.525850,Sri Lanka,North,Financial
R201,2024-12-03 20:23:05.525850,India,South,Medical
R202,2025-01-06 20:23:05.525850,Nepal,North,Medical
R203,2025-08-22 20:23:05.525850,Sri Lanka,Central,Financial
R204,2024-12-09 20:23:05.525850,Bangladesh,Central,Housing
R205,2025-03-05 20:23:05.525850,Sri Lanka,East,Financial
R206,2025-03-16 20:23:05.525850,Nepal,Central,Financial
R207,2025-09-21 20:23:05.525850,India,South,Medical
R208,2025-06-08 20:23:05.525850,India,South,Medical
R209,2025-07-25 20:23:05.525850,India,South,Food
R210,2025-03-26 20:23:05.525850,Sri Lanka,Central,Housing
R211,2025-05-25 20:23:05.525850,India,South,Education
R212,2024-10-25 20:23:05.525850,Nepal,West,Food
R213,2024-11-04 20:23:05.525850,Bangladesh,East,Financial
R214,2024-11-17 20:23:05.525850,Bangladesh,West,Food
R215,2025-01-16 20:23:05.525850,Bangladesh,South,Education
R216,2025-08-10 20:23:05.525850,India,North,Medical
R217,2025-05-17 20:23:05.525850,Nepal,West,Food
R218,2025-02-24 20:23:05.525850,Nepal,West,Education
R219,2025-02-07 20:23:05.525850,Sri Lanka,West,Food
R220,2024-12-19 20:23:05.525850,India,West,Education
R221,2024-12-16 20:23:05.525850,Nepal,North,Food
R222,2025-06-26 20:23:05.525850,India,East,Financial
R223,2025-10-01 20:23:05.525850,Bangladesh,West,Financial
R224,2024-11-22 20:23:05.525850,Sri Lanka,East,Medical
R225,2024-12-26 20:23:05.525850,Sri Lanka,West,Food
R226,2025-02-23 20:23:05.525850,Nepal,West,Education
R227,2025-05-10 20:23:05.525850,India,South,Education
R228,2025-03-25 20:23:05.525850,Sri Lanka,East,Housing
R229,2025-01-13 20:23:05.525850,India,West,Food
R230,2025-05-13 20:23:05.525850,Nepal,East,Food
R231,2025-03-29 20:23:05.525850,India,Central,Housing
R232,2025-03-24 20:23:05.525850,India,South,Financial
R233,2025-04-19 20:23:05.525850,Sri Lanka,West,Food
R234,2025-07-09 20:23:05.525850,Nepal,Central,Medical
R235,2025-05-27 20:23:05.525850,Sri Lanka,West,Food
R236,2025-10-07 20:23:05.525850,Bangladesh,South,Education
R237,2025-01-12 20:23:05.525850,India,Central,Housing
R238,2025-09-04 20:23:05.525850,Bangladesh,North,Housing
R239,2025-08-22 20:23:05.525850,Bangladesh,West,Education
R240,2025-02-03 20:23:05.525850,Nepal,West,Housing
R241,2025-02-22 20:23:05.525850,Bangladesh,West,Financial
R242,2025-08-08 20:23:05.525850,Sri Lanka,South,Financial
R243,2025-02-03 20:23:05.525850,Bangladesh,North,Education
R244,2025-03-23 20:23:05.525850,Nepal,Central,Education
R245,2025-10-20 20:23:05.525850,Nepal,East,Financial
R246,2024-12-29 20:23:05.525850,Sri Lanka,South,Housing
R247,2025-01-19 20:23:05.525850,Sri Lanka,East,Education
R248,2025-01-12 20:23:05.525850,Sri Lanka,West,Education
R249,2025-07-17 20:23:05.525850,Bangladesh,Central,Housing
R250,2025-06-24 20:23:05.525850,Sri Lanka,North,Education
R251,2025-02-21 20:23:05.525850,Sri Lanka,West,Medical
R252,2025-02-10 20:23:05.525850,India,South,Financial
R253,2024-12-23 20:23:05.525850,Nepal,North,Housing
R254,2025-08-31 20:23:05.525850,Sri Lanka,North,Medical
R255,2025-03-26 20:23:05.525850,Bangladesh,North,Housing
R256,2025-06-08 20:23:05.525850,Nepal,Central,Housing
R257,2024-11-23 20:23:05.525850,India,East,Financial
R258,2025-04-10 20:23:05.525850,Nepal,West,Financial
R259,2025-10-03 20:23:05.525850,India,South,Education
R260,2025-06-27 20:23:05.525850,India,West,Food
R261,2024-12-01 20:23:05.525850,India,West,Medical
R262,2024-10-31 20:23:05.525850,Nepal,North,Food
R263,2025-05-08 20:23:05.525850,India,East,Education
R264,2025-04-13 20:23:05.525850,Sri Lanka,South,Medical
R265,2025-01-23 20:23:05.525850,Sri Lanka,Central,Medical
R266,2025-07-26 20:23:05.525850,Bangladesh,North,Financial
R267,2025-04-09 20:23:05.525850,Bangladesh,West,Financial
R268,2025-08-09 20:23:05.525850,Bangladesh,West,Education
R269,2025-02-28 20:23:05.525850,Nepal,North,Housing
R270,2025-05-27 20:23:05.525850,Bangladesh,North,Housing
R271,2025-04-28 20:23:05.525850,Nepal,West,Education
R272,2025-03-02 20:23:05.525850,Nepal,South,Housing
R273,2025-02-16 20:23:05.525850,India,South,Housing
R274,2025-01-02 20:23:05.525850,Nepal,Central,Education
R275,2024-10-28 20:23:05.525850,Nepal,North,Housing
R276,2025-06-03 20:23:05.525850,India,Central,Food
R277,2024-12-15 20:23:05.525850,Sri Lanka,East,Medical
R278,2024-12-15 20:23:05.525850,Nepal,South,Medical
R279,2024-12-08 20:23:05.525850,Nepal,South,Food
R280,2024-12-04 20:23:05.525850,India,East,Housing
R281,2025-10-04 20:23:05.525850,Nepal,South,Food
R282,2025-05-23 20:23:05.525850,Nepal,West,Medical
R283,2025-07-11 20:23:05.525850,Bangladesh,Central,Education
R284,2025-01-23 20:23:05.525850,Nepal,South,Education
R285,2025-02-17 20:23:05.525850,Nepal,East,Food
R286,2025-02-24 20:23:05.525850,India,South,Medical
R287,2024-11-09 20:23:05.525850,Sri Lanka,Central,Education
R288,2025-09-05 20:23:05.525850,Sri Lanka,North,Education
R289,2025-01-20 20:23:05.525850,India,West,Education
R290,2024-11-11 20:23:05.525850,Nepal,Central,Housing
R291,2024-11-29 20:23:05.525850,Nepal,North,Medical
R292,2025-02-22 20:23:05.525850,India,Central,Financial
R293,2025-05-07 20:23:05.525850,Bangladesh,North,Housing
R294,2024-10-28 20:23:05.525850,Nepal,West,Food
R295,2025-08-11 20:23:05.525850,India,North,Education
R296,2025-02-11 20:23:05.525850,India,North,Medical
R297,2025-01-19 20:23:05.525850,Bangladesh,West,Housing
R298,2025-04-15 20:23:05.525850,Sri Lanka,Central,Medical
R299,2025-03-23 20:23:05.525850,India,West,Financial
R300,2025-03-27 20:23:05.525850,Nepal,North,Education
R301,2025-07-02 20:23:05.525850,Sri Lanka,West,Medical
R302,2025-04-19 20:23:05.525850,India,East,Financial
R303,2024-11-25 20:23:05.525850,Nepal,North,Housing
R304,2025-06-02 20:23:05.525850,Bangladesh,North,Housing
R305,2025-09-05 20:23:05.525850,Bangladesh,Central,Food
R306,2025-09-26 20:23:05.525850,Nepal,South,Medical
R307,2025-01-05 20:23:05.525850,Bangladesh,North,Financial
R308,2025-07-07 20:23:05.525850,Bangladesh,South,Education
R309,2025-08-07 20:23:05.525850,India,East,Medical
R310,2025-08-16 20:23:05.525850,Nepal,South,Food
R311,2024-11-17 20:23:05.525850,India,South,Food
R312,2025-04-21 20:23:05.525850,Bangladesh,Central,Education
R313,2025-10-13 20:23:05.525850,Bangladesh,East,Food
R314,2025-08-18 20:23:05.525850,Sri Lanka,Central,Food
R315,2025-09-19 20:23:05.525850,Sri Lanka,West,Education
R316,2025-02-01 20:23:05.525850,India,West,Financial
R317,2025-06-30 20:23:05.525850,India,Central,Education
R318,2025-03-01 20:23:05.525850,India,North,Housing
R319,2025-03-30 20:23:05.525850,Sri Lanka,North,Housing
R320,2024-10-22 20:23:05.525850,Sri Lanka,North,Food
R321,2025-05-10 20:23:05.525850,Bangladesh,North,Medical
R322,2025-06-03 20:23:05.525850,Nepal,West,Financial
R323,2025-01-23 20:23:05.525850,Nepal,West,Financial
R324,2024-12-16 20:23:05.525850,Sri Lanka,North,Food
R325,2024-11-20 20:23:05.525850,Bangladesh,West,Housing
R326,2025-06-27 20:23:05.525850,Sri Lanka,East,Housing
R327,2025-03-31 20:23:05.525850,Sri Lanka,North,Education
R328,2025-03-17 20:23:05.525850,Nepal,East,Education
R329,2025-08-04 20:23:05.525850,Sri Lanka,North,Food
R330,2025-09-08 20:23:05.525850,India,West,Food
R331,2025-04-14 20:23:05.525850,Bangladesh,Central,Food
R332,2024-12-25 20:23:05.525850,Nepal,North,Housing
R333,2025-04-23 20:23:05.525850,Sri Lanka,North,Education
R334,2024-12-18 20:23:05.525850,Nepal,East,Food
R335,2024-12-30 20:23:05.525850,Bangladesh,South,Housing
R336,2025-06-29 20:23:05.525850,India,East,Financial
R337,2025-04-16 20:23:05.525850,India,East,Financial
R338,2025-06-28 20:23:05.525850,Sri Lanka,Central,Financial
R339,2024-12-11 20:23:05.525850,India,Central,Education
R340,2025-10-07 20:23:05.525850,Bangladesh,East,Education
R341,2025-05-01 20:23:05.525850,Nepal,North,Medical
R342,2025-08-09 20:23:05.525850,Sri Lanka,North,Medical
R343,2024-12-01 20:23:05.525850,India,North,Financial
R344,2025-07-03 20:23:05.525850,Sri Lanka,West,Housing
R345,2025-04-30 20:23:05.525850,Bangladesh,East,Education
R346,2025-05-08 20:23:05.525850,India,North,Medical
R347,2025-08-02 20:23:05.525850,India,North,Education
R348,2025-03-09 20:23:05.525850,Sri Lanka,West,Financial
R349,2025-03-09 20:23:05.525850,Sri Lanka,East,Medical
R350,2025-02-01 20:23:05.525850,India,East,Housing
R351,2025-08-26 20:23:05.525850,Nepal,Central,Housing
R352,2025-01-25 20:23:05.525850,Nepal,North,Medical
R353,2025-04-02 20:23:05.525850,India,North,Medical
R354,2025-05-20 20:23:05.525850,Bangladesh,South,Education
R355,2025-05-26 20:23:05.525850,Nepal,North,Food
R356,2025-02-09 20:23:05.525850,Sri Lanka,South,Medical
R357,2025-04-10 20:23:05.525850,Bangladesh,Central,Financial
R358,2024-11-13 20:23:05.525850,Nepal,North,Housing
R359,2025-09-30 20:23:05.525850,Sri Lanka,North,Housing
R360,2025-09-12 20:23:05.525850,Nepal,Central,Housing
R361,2025-01-01 20:23:05.525850,Sri Lanka,West,Education
R362,2025-08-24 20:23:05.525850,Sri Lanka,North,Education
R363,2025-07-26 20:23:05.525850,Sri Lanka,East,Food
R364,2025-03-12 20:23:05.525850,India,South,Housing
R365,2024-12-24 20:23:05.525850,Sri Lanka,Central,Food
R366,2025-04-02 20:23:05.525850,Nepal,East,Medical
R367,2025-05-04 20:23:05.525850,Bangladesh,North,Financial
R368,2024-12-01 20:23:05.525850,India,Central,Financial
R369,2025-07-14 20:23:05.525850,Nepal,East,Medical
R370,2025-06-23 20:23:05.525850,India,South,Education
R371,2025-07-12 20:23:05.525850,Bangladesh,Central,Medical
R372,2024-11-20 20:23:05.525850,India,South,Housing
R373,2025-02-26 20:23:05.525850,Sri Lanka,Central,Financial
R374,2025-05-09 20:23:05.525850,Nepal,South,Housing
R375,2025-09-17 20:23:05.525850,Sri Lanka,West,Education
R376,2025-06-03 20:23:05.525850,India,East,Financial
R377,2025-09-14 20:23:05.525850,Nepal,West,Housing
R378,2025-10-02 20:23:05.525850,India,East,Education
R379,2025-09-12 20:23:05.525850,India,Central,Financial
R380,2025-02-04 20:23:05.525850,Sri Lanka,West,Financial
R381,2025-01-11 20:23:05.525850,India,West,Financial
R382,2024-11-22 20:23:05.525850,Bangladesh,East,Financial
R383,2025-02-20 20:23:05.525850,Bangladesh,North,Housing
R384,2025-08-30 20:23:05.525850,Nepal,North,Financial
R385,2024-11-25 20:23:05.525850,Bangladesh,North,Medical
R386,2024-10-24 20:23:05.525850,Sri Lanka,West,Financial
R387,2025-01-27 20:23:05.525850,Bangladesh,East,Education
R388,2025-05-30 20:23:05.525850,Sri Lanka,West,Education
R389,2024-11-08 20:23:05.525850,India,East,Food
R390,2025-05-06 20:23:05.525850,India,Central,Housing
R391,2025-05-29 20:23:05.525850,Nepal,Central,Medical
R392,2025-05-04 20:23:05.525850,India,Central,Medical
R393,2025-04-25 20:23:05.525850,Nepal,West,Medical
R394,2024-12-21 20:23:05.525850,India,East,Financial
R395,2025-04-12 20:23:05.525850,Nepal,South,Financial
R396,2025-09-04 20:23:05.525850,Sri Lanka,Central,Education
R397,2025-10-12 20:23:05.525850,Nepal,East,Medical
R398,2025-07-04 20:23:05.525850,Nepal,West,Medical
R399,2025-06-28 20:23:05.525850,Bangladesh,South,Food
R400,2025-05-23 20:23:05.525850,India,Central,Financial
R401,2025-01-25 20:23:05.525850,India,East,Financial
R402,2025-08-15 20:23:05.525850,Sri Lanka,South,Medical
R403,2025-07-21 20:23:05.525850,Bangladesh,West,Food
R404,2025-03-25 20:23:05.525850,Nepal,South,Housing
R405,2024-12-13 20:23:05.525850,Nepal,West,Medical
R406,2025-01-21 20:23:05.525850,Bangladesh,East,Housing
R407,2025-07-14 20:23:05.525850,Nepal,Central,Housing
R408,2025-02-27 20:23:05.525850,Nepal,West,Financial
R409,2025-01-24 20:23:05.525850,Sri Lanka,South,Medical
R410,2024-12-16 20:23:05.525850,Bangladesh,East,Food
R411,2024-11-27 20:23:05.525850,Sri Lanka,East,Financial
R412,2025-08-30 20:23:05.525850,India,East,Food
R413,2025-07-31 20:23:05.525850,Nepal,West,Financial
R414,2025-08-07 20:23:05.525850,Sri Lanka,North,Medical
R415,2025-03-05 20:23:05.525850,Nepal,North,Housing
R416,2025-09-24 20:23:05.525850,Sri Lanka,Central,Education
R417,2025-06-23 20:23:05.525850,Sri Lanka,North,Education
R418,2025-06-29 20:23:05.525850,India,East,Food
R419,2024-10-21 20:23:05.525850,Nepal,South,Medical
R420,2025-10-02 20:23:05.525850,Nepal,West,Medical
R421,2024-10-25 20:23:05.525850,Sri Lanka,West,Financial
R422,2025-10-19 20:23:05.525850,India,North,Education
R423,2025-07-03 20:23:05.525850,Bangladesh,Central,Financial
R424,2025-01-24 20:23:05.525850,Sri Lanka,North,Education
R425,2025-06-22 20:23:05.525850,Nepal,North,Food
R426,2025-06-21 20:23:05.525850,Sri Lanka,Central,Housing
R427,2025-09-19 20:23:05.525850,India,West,Financial
R428,2025-01-20 20:23:05.525850,India,Central,Financial
R429,2025-06-20 20:23:05.525850,Bangladesh,East,Housing
R430,2025-10-21 20:23:05.525850,Nepal,South,Financial
R431,2025-03-22 20:23:05.525850,Bangladesh,North,Financial
R432,2025-04-20 20:23:05.525850,India,Central,Financial
R433,2025-02-04 20:23:05.525850,India,West,Housing
R434,2025-09-29 20:23:05.525850,Sri Lanka,East,Education
R435,2025-10-13 20:23:05.525850,Nepal,North,Education
R436,2025-06-20 20:23:05.525850,India,Central,Education
R437,2025-08-14 20:23:05.525850,India,East,Financial
R438,2025-05-01 20:23:05.525850,Bangladesh,West,Housing
R439,2024-12-02 20:23:05.525850,Bangladesh,South,Food
R440,2025-03-01 20:23:05.525850,India,East,Medical
R441,2025-09-29 20:23:05.525850,Bangladesh,North,Education
R442,2025-05-16 20:23:05.525850,Sri Lanka,Central,Housing
R443,2025-06-14 20:23:05.525850,India,South,Education
R444,2025-04-22 20:23:05.525850,India,East,Education
R445,2025-08-19 20:23:05.525850,Nepal,West,Housing
R446,2025-03-10 20:23:05.525850,Sri Lanka,East,Medical
R447,2025-02-09 20:23:05.525850,Sri Lanka,East,Financial
R448,2025-06-07 20:23:05.525850,India,West,Food
R449,2025-03-15 20:23:05.525850,Bangladesh,Central,Education
R450,2025-05-10 20:23:05.525850,India,North,Education
R451,2024-11-17 20:23:05.525850,Nepal,East,Housing
R452,2024-12-17 20:23:05.525850,Sri Lanka,South,Housing
R453,2025-04-25 20:23:05.525850,Sri Lanka,North,Education
R454,2024-12-11 20:23:05.525850,Sri Lanka,East,Food
R455,2025-09-13 20:23:05.525850,Sri Lanka,East,Financial
R456,2024-11-08 20:23:05.525850,Bangladesh,North,Medical
R457,2024-12-14 20:23:05.525850,Sri Lanka,North,Medical
R458,2025-09-17 20:23:05.525850,Bangladesh,East,Education
R459,2025-04-08 20:23:05.525850,India,Central,Medical
R460,2024-11-08 20:23:05.525850,Sri Lanka,East,Education
R461,2025-03-08 20:23:05.525850,India,Central,Medical
R462,2025-01-23 20:23:05.525850,Nepal,West,Education
R463,2024-11-23 20:23:05.525850,Nepal,South,Food
R464,2025-10-08 20:23:05.525850,Bangladesh,West,Financial
R465,2025-04-06 20:23:05.525850,India,East,Education
R466,2024-10-26 20:23:05.525850,Sri Lanka,South,Financial
R467,2025-05-28 20:23:05.525850,Sri Lanka,South,Food
R468,2025-08-13 20:23:05.525850,India,West,Medical
R469,2024-10-21 20:23:05.525850,Sri Lanka,North,Education
R470,2024-11-14 20:23:05.525850,Nepal,North,Financial
R471,2025-01-17 20:23:05.525850,Nepal,East,Medical
R472,2024-10-22 20:23:05.525850,Bangladesh,East,Financial
R473,2025-06-29 20:23:05.525850,India,South,Medical
R474,2025-06-22 20:23:05.525850,Sri Lanka,North,Education
R475,2025-01-11 20:23:05.525850,Nepal,West,Financial
R476,2025-08-16 20:23:05.525850,India,North,Education
R477,2025-04-01 20:23:05.525850,Sri Lanka,Central,Housing
R478,2025-03-26 20:23:05.525850,India,South,Education
R479,2024-11-27 20:23:05.525850,India,West,Housing
R480,2024-11-07 20:23:05.525850,Nepal,South,Financial
R481,2024-11-28 20:23:05.525850,Bangladesh,South,Housing
R482,2025-02-06 20:23:05.525850,India,North,Financial
R483,2025-08-04 20:23:05.525850,Nepal,South,Medical
R484,2025-05-09 20:23:05.525850,Bangladesh,East,Financial
R485,2025-05-29 20:23:05.525850,India,East,Medical
R486,2024-11-30 20:23:05.525850,Nepal,South,Education
R487,2024-12-11 20:23:05.525850,India,Central,Medical
R488,2024-12-22 20:23:05.525850,Bangladesh,South,Financial
R489,2024-12-16 20:23:05.525850,Nepal,Central,Food
R490,2025-10-07 20:23:05.525850,India,North,Financial
R491,2025-06-08 20:23:05.525850,Bangladesh,Central,Housing
R492,2024-12-09 20:23:05.525850,India,West,Financial
R493,2025-05-26 20:23:05.525850,Nepal,West,Medical
R494,2024-11-05 20:23:05.525850,Sri Lanka,East,Housing
R495,2025-09-14 20:23:05.525850,India,South,Housing
R496,2025-03-23 20:23:05.525850,Sri Lanka,West,Medical
R497,2025-04-30 20:23:05.525850,Bangladesh,East,Education
R498,2025-04-28 20:23:05.525850,Sri Lanka,South,Education
R499,2025-01-31 20:23:05.525850,India,East,Medical
R500,2025-02-25 20:23:05.525850,India,East,Housing
