,user_id,state_id,country_id,user_status_id,user_category_id,full_name,first_name,middle_name,last_name,primary_email_address,primary_phone_number,addr_ln1,addr_ln2,addr_ln3,city_name,zip_code,last_location,last_update_date,time_zone,profile_picture_path,gender,language_1,language_2,language_3,promotion_wizard_stage,promotion_wizard_last_update_date,external_auth_provider,dob
0,U0001,191.9,191,1,2,Margaret Joshua Johnson,Margaret,Joshua,Johnson,rhodespatricia@example.org,001-260-501-3389,79402 Peterson Drives Apt. 511,Suite 155,,Lindsaymouth,70785,"-56.4922325,23.224098",2025-05-31 21:19:11,America/Campo_Grande,/assets/profiles/U0001.jpg,Female,English,German,,2,2025-05-26 21:19:11,Email,1960-06-14
1,U0002,225.16,225,1,2,Elaine Fuller,Elaine,,Fuller,barbara10@example.net,441.731.6475,41928 Frank Light Suite 835,Apt. 305,,Adamsborough,74842,"-5.529299,-65.846995",2026-03-08 08:25:21,Africa/Ndjamena,/assets/profiles/U0002.jpg,Non-binary,English,Spanish,,1,2026-02-12 08:25:21,Apple,2005-07-09
2,U0003,57.6,57,1,2,Jennifer Stephen Rocha,Jennifer,Stephen,Rocha,julieryan@example.net,001-369-265-3287,26916 Carlson Mountain,Suite 801,,Kaylamouth,15122,"-11.2141595,53.412819",2025-05-31 22:10:52,Africa/Djibouti,/assets/profiles/U0003.jpg,Prefer not to say,English,Hindi,,3,2025-05-16 22:10:52,Apple,1963-04-16
3,U0004,174.77,174,1,2,Aaron Bowen,Aaron,,Bowen,williamrodriguez@example.net,289-332-5288x0957,3039 Christopher Oval Apt. 822,,,Arroyoburgh,35242,"51.646352,145.662628",2025-07-18 23:41:45,Europe/Oslo,/assets/profiles/U0004.jpg,Male,English,Spanish,,3,2025-07-15 23:41:45,Facebook,1994-03-28
4,U0005,16.66,16,2,2,Timothy Campos,Timothy,,Campos,raymond57@example.net,213.331.5098x393,10518 Joshua Oval,,,New David,75348,"64.675636,73.763327",2025-06-24 19:35:45,America/Tegucigalpa,/assets/profiles/U0005.jpg,Male,English,Hindi,,4,2025-05-27 19:35:45,Google,1992-03-17
5,U0006,58.73,58,1,2,Rhonda Lee,Rhonda,,Lee,agomez@example.com,001-801-406-5133x387,3178 Brent Plains Apt. 132,,,Tuckerborough,53066,"-74.260179,-91.611119",2025-12-19 14:53:47,Indian/Mauritius,/assets/profiles/U0006.jpg,Prefer not to say,English,French,,1,2025-12-04 14:53:47,Google,1951-11-11
6,U0007,38.5,38,2,2,Victoria Baker,Victoria,,Baker,smitchell@example.net,+1-272-734-3098,97882 Susan Common,Apt. 191,,South David,75169,"-23.907071,130.804800",2026-02-06 14:40:05,Africa/Kampala,/assets/profiles/U0007.jpg,Prefer not to say,English,French,,4,2026-02-05 14:40:05,Apple,1998-08-15
7,U0008,174.58,174,1,1,Manuel Brandy Barnes,Manuel,Brandy,Barnes,james53@example.com,(524)675-1079x9118,1354 Samuel Plains,Suite 980,,Sarahville,18102,"-19.0079695,-118.029707",2025-08-08 13:30:46,Africa/Kinshasa,/assets/profiles/U0008.jpg,Male,English,Spanish,,1,2025-07-20 13:30:46,Apple,1980-11-02
8,U0009,44.9,44,1,1,Denise Jacobs,Denise,,Jacobs,gracefarrell@example.net,840.216.4005x2427,28059 Russell Canyon,Suite 505,,Lake John,13974,"4.9398845,120.585174",2025-08-18 20:36:29,Africa/Niamey,/assets/profiles/U0009.jpg,Female,English,Spanish,,1,2025-07-27 20:36:29,Facebook,1994-02-05
9,U0010,232.173,232,1,1,Timothy Francisco Young,Timothy,Francisco,Young,nicolejohnson@example.net,563-542-1607x33754,365 Lin Trail,,,Michaelhaven,52887,"53.939314,-2.215269",2026-02-16 13:40:20,Europe/Vienna,/assets/profiles/U0010.jpg,Male,English,Spanish,,1,2026-02-02 13:40:20,Email,1999-09-12
10,U0011,19.1,19,2,2,Sherri Beverly Green,Sherri,Beverly,Green,carlsonmichael@example.com,(798)816-9340x60883,595 Jennifer Hills,,,Elizabethmouth,53244,"-10.635662,117.647935",2025-04-22 13:18:54,Asia/Harbin,/assets/profiles/U0011.jpg,Female,English,Hindi,,2,2025-03-31 13:18:54,Email,1963-05-01
11,U0012,19.27,19,1,2,Jennifer Erica Bentley,Jennifer,Erica,Bentley,richard04@example.com,969.495.7773,8951 Emily Fork,Apt. 200,,South Cheryl,10046,"32.249846,42.501321",2025-06-14 06:47:04,Africa/Lusaka,/assets/profiles/U0012.jpg,Female,English,German,,3,2025-06-08 06:47:04,Apple,2006-09-13
12,U0013,65.9,65,1,1,Michelle Cruz,Michelle,,Cruz,dianasmith@example.org,001-763-928-7083x172,727 Green Gateway Suite 873,Suite 714,,West Matthew,71299,"-68.3700995,-105.710992",2025-07-11 10:49:55,Europe/Prague,/assets/profiles/U0013.jpg,Female,English,French,,3,2025-06-24 10:49:55,Apple,1972-06-17
13,U0014,182.52,182,2,2,James Hernandez,James,,Hernandez,irussell@example.com,(803)566-9096x70546,46706 Caldwell Union Suite 272,Apt. 699,,North Dawnberg,61016,"-41.217486,-153.003643",2025-05-02 15:23:18,Asia/Jerusalem,/assets/profiles/U0014.jpg,Male,English,Spanish,,1,2025-04-21 15:23:18,Facebook,1959-10-28
14,U0015,149.21,149,1,2,Garrett Matthew Gibson,Garrett,Matthew,Gibson,karen64@example.org,408.505.3100x3309,1937 Wang Expressway,,,Port Loriport,14669,"65.339501,-166.214004",2025-09-01 22:26:40,Asia/Seoul,/assets/profiles/U0015.jpg,Male,English,Spanish,,3,2025-08-20 22:26:40,Google,2005-02-14
15,U0016,161.18,161,2,1,Jennifer Espinoza,Jennifer,,Espinoza,curtisbarton@example.net,+1-819-905-8651x850,5726 Jessica Run,Suite 987,,Grahamshire,35680,"-3.482024,-48.200787",2025-11-23 15:29:03,Asia/Thimphu,/assets/profiles/U0016.jpg,Prefer not to say,English,Hindi,,2,2025-11-14 15:29:03,Facebook,1950-06-08
16,U0017,129.8,129,2,2,Sierra Steven Sanchez,Sierra,Steven,Sanchez,frogers@example.com,(273)554-5494,67837 West Brook,,,West Jeffreybury,40636,"88.230411,132.220279",2025-12-23 04:42:00,Asia/Hovd,/assets/profiles/U0017.jpg,Prefer not to say,English,Hindi,,3,2025-12-13 04:42:00,Facebook,1986-10-18
17,U0018,48.15,48,2,1,Kristen Wendy Cooper,Kristen,Wendy,Cooper,jacqueline44@example.com,913.651.8233,34352 Smith Place Apt. 400,Suite 271,,New Justinfort,58234,"1.4575535,-81.020509",2025-08-14 03:55:50,Africa/Ouagadougou,/assets/profiles/U0018.jpg,Prefer not to say,English,Spanish,,3,2025-08-08 03:55:50,Email,1982-09-19
18,U0019,109.26,109,2,2,Todd Lynn Woods,Todd,Lynn,Woods,rayglenda@example.org,(594)813-1869,4964 Chelsea Streets Apt. 334,Apt. 232,,East Aaronmouth,90858,"69.399978,72.282341",2025-10-15 16:08:32,Asia/Tokyo,/assets/profiles/U0019.jpg,Male,English,German,,4,2025-09-25 16:08:32,Google,1972-07-13
19,U0020,212.3,212,1,1,Crystal Jacqueline Mann,Crystal,Jacqueline,Mann,sandrafrench@example.net,001-336-218-3242,9947 Taylor Hollow,Suite 488,,Kimton,57127,"-3.477460,144.116295",2025-05-05 08:10:32,Asia/Jakarta,/assets/profiles/U0020.jpg,Non-binary,English,German,,3,2025-04-13 08:10:32,Apple,1976-02-29
20,U0021,209.1,209,1,2,Anna Mary Hayden,Anna,Mary,Hayden,keyemily@example.com,001-802-978-7429,5655 Mia Isle,,,Steeleport,87347,"17.495582,115.330870",2025-11-21 17:06:52,Asia/Baku,/assets/profiles/U0021.jpg,Prefer not to say,English,,,4,2025-10-30 17:06:52,Facebook,1984-05-28
21,U0022,240.36,240,2,2,Anita Darrell King,Anita,Darrell,King,sandovalamy@example.com,6384597703,7109 Jennifer Inlet Apt. 861,Apt. 171,,South Sarah,38755,"46.599291,-33.206128",2025-09-11 15:55:00,America/Managua,/assets/profiles/U0022.jpg,Prefer not to say,English,,,2,2025-08-20 15:55:00,Google,1997-11-01
22,U0023,107.27,107,2,2,William Sanchez,William,,Sanchez,mlee@example.net,001-921-446-5840x449,755 Gibson Islands Apt. 396,,,Port Kimberly,06221,"-4.5901925,73.927189",2025-06-02 20:53:35,Africa/Casablanca,/assets/profiles/U0023.jpg,Male,English,Spanish,,4,2025-05-19 20:53:35,Facebook,1982-10-11
23,U0024,53.2,53,1,2,Jasmin Alvarado,Jasmin,,Alvarado,tylerjohnson@example.net,001-851-471-8702,4596 Melissa Walk,Suite 578,,New Caseyport,30318,"-65.7389825,52.986657",2025-12-16 21:59:23,America/Belize,/assets/profiles/U0024.jpg,Prefer not to say,English,Spanish,,4,2025-12-11 21:59:23,Apple,2001-02-11
24,U0025,186.4,186,2,2,Jill Rebecca Benson,Jill,Rebecca,Benson,carternicholas@example.org,886.592.2219,237 Stevens Shores Apt. 748,Apt. 175,,Daniellechester,90981,"-22.864769,65.261856",2025-08-11 16:07:23,Pacific/Tarawa,/assets/profiles/U0025.jpg,Female,English,Mandarin,,4,2025-07-21 16:07:23,Facebook,1948-05-24
25,U0026,149.34,149,1,2,Yvonne Castaneda,Yvonne,,Castaneda,karmstrong@example.com,001-740-564-0909x743,421 Kyle Mill,Apt. 952,,West Markchester,23522,"-36.099557,-109.047250",2025-07-08 19:38:58,America/Paramaribo,/assets/profiles/U0026.jpg,Female,English,Spanish,,4,2025-06-24 19:38:58,Email,1952-07-09
26,U0027,219.57,219,2,1,Kiara Maria Mcintyre,Kiara,Maria,Mcintyre,scoffey@example.net,317-912-3685x16048,496 Rodriguez Fort Suite 098,,,Rosebury,85390,"-73.030306,161.129883",2026-03-28 16:17:09,Europe/Warsaw,/assets/profiles/U0027.jpg,Non-binary,English,,,2,2026-03-12 16:17:09,Facebook,1962-10-02
27,U0028,195.7,195,2,2,Marie Wilson,Marie,,Wilson,wendy11@example.org,+1-826-375-8692,640 Robinson Mills Apt. 515,,,Bruceview,25379,"-57.2080005,64.124531",2025-04-22 03:34:27,Africa/Gaborone,/assets/profiles/U0028.jpg,Prefer not to say,English,,,4,2025-03-29 03:34:27,Facebook,1948-05-08
28,U0029,31.19,31,2,2,Maria Harper,Maria,,Harper,john29@example.org,283-693-3529,84210 Alexis Turnpike,,,New Mario,23339,"-18.765951,-151.868490",2025-04-27 08:09:29,Asia/Urumqi,/assets/profiles/U0029.jpg,Female,English,Hindi,,3,2025-04-16 08:09:29,Apple,1946-09-19
29,U0030,120.3,120,1,2,Joseph Thomas Reese,Joseph,Thomas,Reese,hayesjeffrey@example.net,3849700766,15921 Joshua Roads Suite 698,,,Shawnchester,13500,"-59.287208,171.496342",2025-08-26 07:10:48,Africa/Bangui,/assets/profiles/U0030.jpg,Male,English,Spanish,,2,2025-08-18 07:10:48,Facebook,1998-03-17
30,U0031,203.1,203,2,2,Jeffrey Robert Beasley,Jeffrey,Robert,Beasley,gperry@example.com,(254)752-7111x16152,5604 Bell Ports,,,East Diane,29893,"-60.950349,7.966017",2025-09-30 19:38:54,Asia/Bangkok,/assets/profiles/U0031.jpg,Male,English,Hindi,,4,2025-09-07 19:38:54,Facebook,2001-07-27
31,U0032,233.42,233,2,2,Ashley Ramirez,Ashley,,Ramirez,xbruce@example.net,+1-480-494-0244x550,20183 Barnes Junctions Apt. 545,,,North Ericton,88839,"-68.100626,-33.915899",2026-02-15 04:34:50,America/Panama,/assets/profiles/U0032.jpg,Non-binary,English,Hindi,,4,2026-02-11 04:34:50,Apple,1960-08-27
32,U0033,85.31,85,1,1,Karla Ramos,Karla,,Ramos,reeddaniel@example.net,+1-497-684-0369x0034,1076 David Place Apt. 885,Apt. 606,,South Samanthamouth,75966,"25.235123,127.841611",2025-06-30 09:58:50,Africa/Windhoek,/assets/profiles/U0033.jpg,Non-binary,English,Spanish,,3,2025-06-01 09:58:50,Apple,1963-11-08
33,U0034,181.37,181,2,2,Donna Tammy Sullivan,Donna,Tammy,Sullivan,xcollier@example.org,(313)369-6816x45352,5231 Jonathan Extensions,,,Port Katherine,10377,"-42.447700,157.127430",2026-02-12 21:35:45,Asia/Riyadh,/assets/profiles/U0034.jpg,Prefer not to say,English,Hindi,,3,2026-02-06 21:35:45,Apple,1956-12-16
34,U0035,181.19,181,1,2,Nicole Wolf,Nicole,,Wolf,michelle52@example.com,377-644-9058,0054 Deanna Walk Apt. 998,,,Fordside,97352,"-78.9880495,61.448941",2025-12-28 05:21:22,Pacific/Tongatapu,/assets/profiles/U0035.jpg,Prefer not to say,English,,,4,2025-12-13 05:21:22,Google,1975-10-24
35,U0036,66.1,66,2,2,Erica Alvarez,Erica,,Alvarez,vgarcia@example.net,482-703-7788,6659 Kristina Rue Suite 151,,,Mitchellberg,44195,"-68.121978,132.855895",2025-05-01 17:26:12,Europe/Zagreb,/assets/profiles/U0036.jpg,Non-binary,English,Hindi,,3,2025-04-21 17:26:12,Email,1955-07-13
36,U0037,37.4,37,2,2,Sydney Diana Collins,Sydney,Diana,Collins,brookehurley@example.com,+1-265-728-1685,35733 Eric Hill Apt. 888,Apt. 592,,Mooreburgh,91313,"77.7024955,-91.126838",2025-09-06 22:02:43,Pacific/Apia,/assets/profiles/U0037.jpg,Non-binary,English,French,,3,2025-08-29 22:02:43,Email,1990-04-28
37,U0038,6.6,6,1,2,Amanda Jennifer Diaz,Amanda,Jennifer,Diaz,karen73@example.net,847.835.9774,92407 Spencer Cove,,,West Christopherburgh,36256,"30.6132085,95.604152",2025-11-30 19:53:38,Asia/Nicosia,/assets/profiles/U0038.jpg,Non-binary,English,Hindi,,1,2025-11-02 19:53:38,Google,1975-06-29
38,U0039,120.112,120,1,2,Anna Lozano,Anna,,Lozano,sarah60@example.com,653.961.5305x15220,779 Rebecca Brook,,,Jasonberg,72433,"73.445007,103.345168",2025-09-29 21:32:59,Europe/Oslo,/assets/profiles/U0039.jpg,Prefer not to say,English,Mandarin,,3,2025-09-26 21:32:59,Facebook,2000-11-03
39,U0040,201.199,201,1,2,Paula Young,Paula,,Young,robertbauer@example.com,417-698-0893,95396 Elizabeth Corner Suite 188,,,South Morganton,83819,"13.852662,20.415194",2025-04-26 05:47:21,Asia/Jakarta,/assets/profiles/U0040.jpg,Prefer not to say,English,,,1,2025-04-01 05:47:21,Facebook,1953-07-22
40,U0041,232.208,232,2,2,Heather John Jones,Heather,John,Jones,ingramjill@example.com,(405)385-2772,43030 Mahoney Passage Suite 874,,,Port Deborahport,47290,"-77.167704,172.043097",2025-12-07 16:30:41,Africa/Maseru,/assets/profiles/U0041.jpg,Prefer not to say,English,French,,3,2025-11-14 16:30:41,Email,1989-12-24
41,U0042,120.5,120,2,2,Caleb Richardson,Caleb,,Richardson,ykline@example.com,(877)458-4161,1154 Griffin Stravenue Suite 275,,,Williamsstad,81090,"26.753452,-32.599214",2025-09-10 01:12:19,Africa/Algiers,/assets/profiles/U0042.jpg,Male,English,Mandarin,,3,2025-08-26 01:12:19,Google,2005-10-17
42,U0043,208.11,208,1,2,Angela Walsh,Angela,,Walsh,stephaniethomas@example.net,+1-770-721-3556x9092,92856 Banks Gateway Apt. 027,Suite 814,,Janeborough,80700,"-13.3410415,83.711096",2025-10-23 23:02:25,Europe/Paris,/assets/profiles/U0043.jpg,Non-binary,English,Mandarin,,1,2025-09-28 23:02:25,Email,1969-12-27
43,U0044,236.1,236,2,1,Brandy Gerald Jones,Brandy,Gerald,Jones,cochrantammy@example.com,+1-451-588-4422x5831,58957 Cheryl Corners Apt. 467,,,Hammondshire,10167,"-56.357849,-9.797066",2025-09-27 13:28:09,Europe/Sarajevo,/assets/profiles/U0044.jpg,Prefer not to say,English,German,,3,2025-09-05 13:28:09,Google,1993-10-22
44,U0045,151.4,151,2,2,Joanna Frazier,Joanna,,Frazier,katrinaanderson@example.net,7186242253,3842 Mendez Course,,,New Shelly,20711,"-44.0436835,173.654517",2025-05-27 12:53:50,Pacific/Efate,/assets/profiles/U0045.jpg,Non-binary,English,Hindi,,1,2025-05-12 12:53:50,Google,1968-09-15
45,U0046,165.6,165,2,2,Sarah Marcia Elliott,Sarah,Marcia,Elliott,frykelli@example.com,+1-639-969-0784x4736,027 Washington Ford,,,Catherinemouth,94658,"-4.2841595,5.419405",2025-05-09 05:47:02,Africa/Maputo,/assets/profiles/U0046.jpg,Non-binary,English,Spanish,,2,2025-04-30 05:47:02,Facebook,1947-03-13
46,U0047,10.4,10,1,1,Paige Robertson,Paige,,Robertson,stevenadams@example.org,(710)746-9632,78774 Johnson Lock,,,Levyborough,76961,"4.7295555,-153.876863",2025-08-09 15:06:28,Europe/Brussels,/assets/profiles/U0047.jpg,Prefer not to say,English,Spanish,,2,2025-07-24 15:06:28,Email,1952-06-28
47,U0048,48.1,48,2,2,Kathleen Khan,Kathleen,,Khan,amitchell@example.org,(624)356-5060x98358,784 David Court Suite 558,Suite 239,,Porterton,05601,"-53.2145795,-1.200133",2025-12-24 21:04:42,America/Asuncion,/assets/profiles/U0048.jpg,Non-binary,English,French,,4,2025-12-06 21:04:42,Facebook,1989-10-14
48,U0049,201.207,201,2,2,Brittany Donald Barry,Brittany,Donald,Barry,phillipjensen@example.com,001-258-788-7947,169 Robles Stream Apt. 974,,,Lake Brett,63474,"-44.228517,101.445091",2025-08-09 09:38:50,Africa/Lusaka,/assets/profiles/U0049.jpg,Prefer not to say,English,German,,3,2025-07-22 09:38:50,Apple,1986-12-25
49,U0050,229.39,229,1,2,Brittany Anthony Becker,Brittany,Anthony,Becker,andrewedwards@example.org,(836)789-7028x38578,8585 Bishop Fields,,,West Angela,29974,"-10.109700,-24.842085",2025-05-20 09:01:57,Africa/Casablanca,/assets/profiles/U0050.jpg,Prefer not to say,English,Spanish,,2,2025-05-03 09:01:57,Email,1992-12-07
50,U0051,149.6,149,2,2,Michael Burns,Michael,,Burns,keith98@example.com,(652)640-4157x4733,99330 Dana Center,,,South Markfort,13679,"-53.0989735,-177.218236",2025-08-21 03:48:48,Asia/Damascus,/assets/profiles/U0051.jpg,Male,English,,,4,2025-07-31 03:48:48,Google,1977-11-30
51,U0052,201.125,201,2,2,Jennifer Natalie Donovan,Jennifer,Natalie,Donovan,katelynmitchell@example.com,+1-401-693-8026x2067,49915 Gibson Row,Suite 287,,Jamesville,43844,"-46.3807795,66.377829",2025-12-16 08:11:32,Asia/Phnom_Penh,/assets/profiles/U0052.jpg,Female,English,,,1,2025-12-01 08:11:32,Facebook,1977-10-03
52,U0053,147.16,147,1,2,Michelle Matthew Smith,Michelle,Matthew,Smith,gregorychase@example.com,(585)916-1227x53046,4990 Valdez Square Apt. 017,,,Erikhaven,92717,"-6.522494,-116.962904",2025-11-14 04:50:12,Africa/Algiers,/assets/profiles/U0053.jpg,Female,English,Spanish,,4,2025-10-25 04:50:12,Facebook,1965-05-04
53,U0054,63.7,63,2,1,Holly Walker,Holly,,Walker,spencerzhang@example.com,(387)283-3918x78519,822 Bond Mills,Apt. 397,,New Seanton,59933,"-54.581462,95.547836",2025-10-10 09:42:38,America/Managua,/assets/profiles/U0054.jpg,Female,English,German,,4,2025-09-17 09:42:38,Email,1954-05-09
54,U0055,27.6,27,2,2,Kristy Hansen,Kristy,,Hansen,jennifer64@example.org,001-639-810-6518x017,65676 Miller Shore,Apt. 512,,Ricebury,00956,"-83.897034,-19.817589",2026-02-15 01:43:42,Europe/Warsaw,/assets/profiles/U0055.jpg,Non-binary,English,Spanish,,2,2026-02-02 01:43:42,Email,1991-01-17
55,U0056,97.16,97,1,1,Kim Morrow,Kim,,Morrow,eric31@example.org,+1-269-803-3119x0790,83028 Young Street Suite 995,,,West Nancy,87036,"49.9222655,-61.328581",2025-10-03 14:04:15,Africa/Lagos,/assets/profiles/U0056.jpg,Non-binary,English,,,2,2025-09-12 14:04:15,Google,1962-02-08
56,U0057,109.34,109,1,1,Denise Brittany Hawkins,Denise,Brittany,Hawkins,conniesimmons@example.com,8564856624,34270 Faulkner Point Apt. 634,,,West Deborah,59455,"9.6103565,-130.358772",2026-03-27 17:15:06,Africa/Mogadishu,/assets/profiles/U0057.jpg,Non-binary,English,,,2,2026-03-24 17:15:06,Email,1995-04-18
57,U0058,209.13,209,1,1,Amber Bennett,Amber,,Bennett,russojacob@example.net,001-583-873-5403x317,546 Ferguson Knolls,Suite 458,,Owensfort,42474,"-35.473380,19.020690",2025-11-27 20:22:22,Asia/Kuwait,/assets/profiles/U0058.jpg,Prefer not to say,English,German,,3,2025-10-31 20:22:22,Facebook,1986-06-07
58,U0059,185.12,185,2,2,Amber Joyce Shields,Amber,Joyce,Shields,mphillips@example.com,969.937.8547,522 White Plains,Apt. 801,,Port Adamberg,83168,"-27.875072,-143.509991",2025-07-17 23:19:23,America/St_Kitts,/assets/profiles/U0059.jpg,Prefer not to say,English,German,,1,2025-07-02 23:19:23,Google,1946-05-15
59,U0060,19.24,19,2,2,Adam Wagner,Adam,,Wagner,bhopkins@example.org,+1-286-800-8484,18233 Ochoa Grove,,,Millerfurt,60662,"61.6666195,-49.428757",2025-05-01 04:10:05,Europe/Monaco,/assets/profiles/U0060.jpg,Male,English,,,3,2025-04-27 04:10:05,Facebook,1970-08-29
60,U0061,144.3,144,2,1,Elijah Christopher Clayton,Elijah,Christopher,Clayton,davisnicholas@example.net,500.921.7659x1803,14890 Sarah Island Apt. 392,Suite 142,,New Mary,51508,"55.1061235,-1.903898",2025-12-16 02:11:15,Indian/Maldives,/assets/profiles/U0061.jpg,Male,English,Spanish,,1,2025-12-08 02:11:15,Facebook,2003-09-01
61,U0062,229.93,229,2,2,Rachel Norris,Rachel,,Norris,brian63@example.org,899-496-5047x73586,94311 Moore Station Apt. 655,,,North Adamport,58793,"6.6146165,-35.170243",2025-10-19 04:27:35,America/Goose_Bay,/assets/profiles/U0062.jpg,Prefer not to say,English,,,2,2025-09-20 04:27:35,Apple,1950-08-08
62,U0063,240.48,240,2,1,Anita Angela Jordan,Anita,Angela,Jordan,johnsonmichael@example.org,+1-495-860-4661x839,44472 Gary Harbor,,,Evansland,47834,"-22.434867,-47.612968",2025-09-13 03:58:46,Pacific/Apia,/assets/profiles/U0063.jpg,Prefer not to say,English,,,3,2025-08-26 03:58:46,Email,1980-02-19
63,U0064,118.9,118,1,2,Linda Gonzalez,Linda,,Gonzalez,adam65@example.net,(457)856-9245x9375,7935 Ramirez Turnpike Suite 519,Apt. 982,,Lake Stevenborough,57970,"-11.7963745,-142.870723",2025-05-30 07:35:10,Africa/Niamey,/assets/profiles/U0064.jpg,Prefer not to say,English,Hindi,,1,2025-05-08 07:35:10,Facebook,1952-07-17
64,U0065,66.2,66,1,1,Brenda Johnny Turner,Brenda,Johnny,Turner,emccormick@example.com,+1-379-368-8680x589,529 Anna Rue,,,Rasmussenmouth,56921,"-61.560725,-174.337206",2026-01-10 11:13:06,America/Belize,/assets/profiles/U0065.jpg,Female,English,French,,1,2026-01-01 11:13:06,Facebook,1955-10-03
65,U0066,139.5,139,1,2,Courtney Angela Burgess,Courtney,Angela,Burgess,seanmyers@example.net,001-382-350-7146,4573 Bailey Court,,,Bowenmouth,42301,"-71.9680245,-18.796947",2025-11-17 02:18:53,Asia/Dhaka,/assets/profiles/U0066.jpg,Non-binary,English,Spanish,,2,2025-11-16 02:18:53,Email,1992-01-22
66,U0067,132.1,132,2,2,Alexander Cooper,Alexander,,Cooper,sarahyang@example.net,(482)458-6736,0937 Price Squares Apt. 341,,,Port Monicaburgh,48446,"-2.4940915,-74.196553",2025-12-26 16:07:41,Asia/Karachi,/assets/profiles/U0067.jpg,Male,English,Spanish,,4,2025-12-09 16:07:41,Facebook,1952-09-15
67,U0068,233.27,233,2,2,Dennis Huffman,Dennis,,Huffman,candice96@example.net,355-479-2499,34125 William Manor Apt. 966,,,South Cynthia,91390,"83.2106865,-86.995275",2025-12-11 21:39:21,Asia/Bangkok,/assets/profiles/U0068.jpg,Male,English,Spanish,,3,2025-11-21 21:39:21,Facebook,1981-03-05
68,U0069,45.25,45,1,2,Katherine Taylor,Katherine,,Taylor,wharvey@example.org,323.268.8767x6772,0438 Jackson Mount,Suite 881,,West Kimberlystad,71547,"-78.8302605,56.956878",2026-02-28 16:36:11,Africa/Sao_Tome,/assets/profiles/U0069.jpg,Prefer not to say,English,,,2,2026-02-14 16:36:11,Apple,1966-09-02
69,U0070,233.3,233,2,2,Wanda Maria Garcia,Wanda,Maria,Garcia,nancy07@example.com,(417)513-3959x629,95849 Mario Squares,Suite 494,,East Sydneychester,08271,"-15.556531,172.131633",2025-07-12 19:53:39,Asia/Harbin,/assets/profiles/U0070.jpg,Non-binary,English,,,4,2025-07-09 19:53:39,Google,1996-05-23
70,U0071,7.3,7,2,1,Danielle Maria Dawson,Danielle,Maria,Dawson,kburns@example.net,766-271-1684x577,751 Robinson Meadow,,,South Joseph,37672,"0.665459,113.835104",2026-03-01 07:14:26,Europe/Istanbul,/assets/profiles/U0071.jpg,Non-binary,English,,,4,2026-02-01 07:14:26,Google,1997-01-30
71,U0072,201.127,201,1,2,Kylie Washington,Kylie,,Washington,williamsconnie@example.com,6124770632,54152 Randy Inlet Apt. 611,,,East Thomasberg,78315,"-29.282353,98.874510",2026-03-20 22:51:27,Asia/Aqtau,/assets/profiles/U0072.jpg,Non-binary,English,Hindi,,2,2026-02-20 22:51:27,Google,1968-08-27
72,U0073,19.39,19,2,1,Adam Dominguez,Adam,,Dominguez,ebenson@example.org,861.411.5542,89092 Bell Forest,Apt. 697,,North Peggy,18852,"-56.940236,136.525084",2025-05-24 12:44:51,Africa/Johannesburg,/assets/profiles/U0073.jpg,Male,English,German,,1,2025-05-18 12:44:51,Facebook,2000-11-13
73,U0074,74.9,74,1,1,Heather Jordan,Heather,,Jordan,joshuamiller@example.net,+1-699-240-4389x836,6137 Allison Bridge,,,Sarahberg,51204,"62.573449,45.949389",2025-06-01 00:02:38,Asia/Rangoon,/assets/profiles/U0074.jpg,Prefer not to say,English,Mandarin,,2,2025-05-19 00:02:38,Apple,1999-02-05
74,U0075,25.8,25,2,1,Pamela Best,Pamela,,Best,matthewsalexander@example.org,3064848666,41832 Myers Roads Apt. 463,Apt. 316,,South Cherylton,41040,"88.7993755,173.289168",2025-05-06 01:03:55,Africa/Mbabane,/assets/profiles/U0075.jpg,Non-binary,English,Mandarin,,1,2025-04-07 01:03:55,Google,1997-09-08
75,U0076,149.7,149,1,2,Barbara Jacqueline Zimmerman,Barbara,Jacqueline,Zimmerman,alexandra42@example.com,(641)305-6481,8507 Michael Glens Apt. 913,,,North Micheletown,32554,"-77.656928,73.276686",2025-10-17 11:38:09,Asia/Rangoon,/assets/profiles/U0076.jpg,Female,English,German,,4,2025-09-25 11:38:09,Apple,1956-05-31
76,U0077,200.7,200,2,2,Tami Susan White,Tami,Susan,White,pwalker@example.com,001-854-319-5180x238,4518 Smith Flats Suite 949,,,South Micheal,65166,"-37.5416925,113.431759",2025-11-08 09:48:19,Asia/Gaza,/assets/profiles/U0077.jpg,Prefer not to say,English,Hindi,,1,2025-11-07 09:48:19,Facebook,1947-09-02
77,U0078,233.59,233,1,1,Brittany Randolph,Brittany,,Randolph,cynthia05@example.org,001-564-813-8367x024,1918 Dana Lock Apt. 990,,,Batesberg,31535,"-11.703813,-39.881558",2025-07-07 04:25:42,Asia/Kuwait,/assets/profiles/U0078.jpg,Female,English,,,3,2025-07-04 04:25:42,Apple,1946-11-22
78,U0079,11.1,11,1,2,Mercedes Moss,Mercedes,,Moss,jesus32@example.net,721-527-7561,7411 Lindsey Hollow Apt. 352,Apt. 356,,Lake Kentburgh,04574,"18.553211,62.773652",2025-09-30 12:44:28,Asia/Bangkok,/assets/profiles/U0079.jpg,Prefer not to say,English,Mandarin,,4,2025-09-11 12:44:28,Apple,1966-11-28
79,U0080,129.64,129,2,2,Anna Garcia,Anna,,Garcia,smithmaria@example.org,(236)351-9941,721 Martinez Mountain,,,East Sandrachester,95453,"16.031653,86.355831",2025-05-31 23:41:52,Europe/Vienna,/assets/profiles/U0080.jpg,Female,English,Hindi,,3,2025-05-07 23:41:52,Email,1999-04-14
80,U0081,149.1,149,2,2,Melinda Thompson,Melinda,,Thompson,joshuagriffin@example.org,9992934768,6263 Crystal Unions,,,South Kimberlystad,63374,"56.1678845,80.210319",2026-03-26 10:44:28,Africa/Tripoli,/assets/profiles/U0081.jpg,Female,English,Mandarin,,2,2026-03-01 10:44:28,Google,1959-11-16
81,U0082,240.2,240,2,2,James White,James,,White,anthonycochran@example.com,5786593213,96522 Brittany Valley,Suite 905,,New Stacy,65018,"55.525465,-14.078394",2025-11-25 14:15:36,Pacific/Galapagos,/assets/profiles/U0082.jpg,Male,English,Mandarin,,1,2025-11-13 14:15:36,Google,1966-12-18
82,U0083,85.9,85,1,2,Amanda Brown,Amanda,,Brown,foxaaron@example.net,425.325.0029,56915 Morris Estate Suite 752,,,Jeffreyshire,23484,"11.571711,-15.275535",2025-07-01 16:10:45,Atlantic/Canary,/assets/profiles/U0083.jpg,Prefer not to say,English,Mandarin,,2,2025-06-20 16:10:45,Apple,1986-03-17
83,U0084,237.3,237,1,2,Elizabeth Aaron Thompson,Elizabeth,Aaron,Thompson,xrosales@example.net,4297593917,55215 Smith Fords,,,Lake Carlos,34141,"-60.999684,-179.312183",2025-11-16 03:56:22,Europe/Brussels,/assets/profiles/U0084.jpg,Prefer not to say,English,German,,4,2025-11-02 03:56:22,Email,1993-01-13
84,U0085,93.11,93,1,2,Jessica Barnes,Jessica,,Barnes,ysnyder@example.com,+1-261-679-3271,4115 Pamela Estates,Apt. 815,,Bushchester,86174,"-45.7089035,146.051167",2026-03-17 05:21:15,Pacific/Auckland,/assets/profiles/U0085.jpg,Female,English,German,,4,2026-03-12 05:21:15,Google,1956-08-01
85,U0086,225.13,225,1,2,Amy Rivera,Amy,,Rivera,donna43@example.org,8693872050,973 Anthony Extension Suite 171,,,Kristenfort,64607,"87.446589,-37.726846",2025-09-13 15:29:49,Africa/Gaborone,/assets/profiles/U0086.jpg,Non-binary,English,Hindi,,2,2025-09-05 15:29:49,Facebook,1958-03-12
86,U0087,229.118,229,1,2,Cathy Mcclure,Cathy,,Mcclure,cwilliams@example.com,534-290-2115x869,687 Thomas Common Suite 089,Apt. 172,,East Lindsey,17040,"-78.544276,47.297669",2025-06-19 03:48:40,America/Porto_Velho,/assets/profiles/U0087.jpg,Female,English,Spanish,,4,2025-06-07 03:48:40,Facebook,1970-05-27
87,U0088,75.16,75,2,1,Jessica Osborn,Jessica,,Osborn,luis11@example.com,+1-868-354-8709,29991 Anna Courts Suite 856,Suite 679,,Johnsonview,53319,"-51.384843,151.917483",2025-06-04 03:03:26,Asia/Tashkent,/assets/profiles/U0088.jpg,Prefer not to say,English,Mandarin,,4,2025-05-29 03:03:26,Facebook,1987-12-12
88,U0089,94.7,94,1,2,Amanda Martin Preston,Amanda,Martin,Preston,xmccall@example.org,344-547-1324x75469,67850 Cameron Station Suite 289,,,East Jamesborough,08054,"-23.027967,-162.245120",2025-04-26 20:09:26,Asia/Manila,/assets/profiles/U0089.jpg,Female,English,German,,1,2025-04-03 20:09:26,Google,1961-06-07
89,U0090,246.9,246,2,2,Tamara Joshua Bush,Tamara,Joshua,Bush,hreid@example.net,7357797279,1406 Frank Ports,,,Port Jeffrey,30006,"-34.506074,-35.536855",2025-10-04 23:33:42,Africa/Bangui,/assets/profiles/U0090.jpg,Non-binary,English,Mandarin,,3,2025-09-26 23:33:42,Apple,2001-04-21
90,U0091,144.14,144,2,2,Jose Hancock,Jose,,Hancock,wellsdavid@example.org,+1-503-949-4466x574,896 Adrian Shore Suite 899,,,Kennethville,63643,"-72.863872,0.540911",2025-12-28 15:17:40,Atlantic/Reykjavik,/assets/profiles/U0091.jpg,Male,English,French,,4,2025-12-13 15:17:40,Google,1997-07-01
91,U0092,178.8,178,1,2,Shannon Green,Shannon,,Green,jacob83@example.org,+1-565-720-7446x660,875 Bruce Ville,,,West Connor,17270,"-20.568673,120.127833",2026-03-20 06:15:31,Africa/Cairo,/assets/profiles/U0092.jpg,Non-binary,English,Mandarin,,4,2026-03-17 06:15:31,Google,1993-08-27
92,U0093,219.65,219,1,1,Martha Jeffrey Walker,Martha,Jeffrey,Walker,vfrench@example.com,594-371-7099x917,460 Derrick Flats Suite 697,,,West Michelle,24140,"-68.307338,81.767973",2025-08-04 22:58:27,Europe/Vilnius,/assets/profiles/U0093.jpg,Female,English,Spanish,,3,2025-08-01 22:58:27,Google,2004-07-25
93,U0094,230.17,230,2,2,Emily Brown,Emily,,Brown,kathleenjackson@example.org,512.796.6667x6008,8300 Jeremy Wells,Suite 421,,Gordonport,22392,"-72.474650,-155.455146",2025-07-22 22:11:48,Asia/Bishkek,/assets/profiles/U0094.jpg,Prefer not to say,English,German,,1,2025-07-10 22:11:48,Google,1976-01-10
94,U0095,31.9,31,1,1,Joy Alexandria Meyer,Joy,Alexandria,Meyer,matthewvalenzuela@example.com,001-732-260-3323x098,489 Brittney Causeway Apt. 001,,,Wallaceville,72234,"-22.1560805,74.689592",2026-03-18 13:15:00,Europe/Podgorica,/assets/profiles/U0095.jpg,Prefer not to say,English,Hindi,,1,2026-03-08 13:15:00,Facebook,1974-10-10
95,U0096,11.15,11,2,2,Christine Albert Jennings,Christine,Albert,Jennings,batesjoseph@example.net,001-526-618-9141x173,6420 Lozano Spurs,Suite 530,,Lake Christopherville,75756,"89.5892075,85.270083",2025-12-20 15:53:35,Europe/Prague,/assets/profiles/U0096.jpg,Female,English,Mandarin,,4,2025-11-23 15:53:35,Apple,1973-11-26
96,U0097,236.5,236,2,2,Penny Jennifer Jones,Penny,Jennifer,Jones,stephenmadden@example.com,201.420.4556x110,5794 Nathan Junctions,,,North Richard,60340,"-17.030361,27.079425",2025-07-16 01:49:10,Pacific/Ponape,/assets/profiles/U0097.jpg,Prefer not to say,English,French,,4,2025-06-23 01:49:10,Apple,2006-11-01
97,U0098,201.172,201,2,1,Rebecca Banks,Rebecca,,Banks,andersonjessica@example.org,769-279-7296,7167 Bryan Shoal,,,Alexanderhaven,97969,"64.7930385,123.338628",2025-06-11 11:13:21,Europe/Athens,/assets/profiles/U0098.jpg,Non-binary,English,German,,4,2025-05-22 11:13:21,Apple,1999-06-30
98,U0099,154.2,154,1,2,Kelly Watts,Kelly,,Watts,pstanley@example.com,(362)989-0028x772,54083 Powell Freeway Apt. 779,Suite 177,,Davidfort,98180,"85.388480,-170.460272",2025-05-14 16:27:11,America/Atikokan,/assets/profiles/U0099.jpg,Prefer not to say,English,German,,4,2025-05-05 16:27:11,Google,1987-05-03
99,U0100,237.6,237,1,1,Jason Hawkins,Jason,,Hawkins,connersylvia@example.net,988-737-5503x7589,13055 Kelley Landing Apt. 027,Apt. 614,,East David,51998,"-32.1281325,65.374704",2026-02-22 10:45:35,Africa/Addis_Ababa,/assets/profiles/U0100.jpg,Male,English,German,,3,2026-02-09 10:45:35,Google,1945-04-11
100,U0101,95.1,95,2,2,Ashley Sara Perry,Ashley,Sara,Perry,bartonshannon@example.net,001-982-470-8086,216 Gordon Lights,,,Pettybury,36361,"16.802413,4.070917",2025-12-24 17:32:51,Africa/Nairobi,/assets/profiles/U0101.jpg,Female,English,Spanish,,2,2025-12-07 17:32:51,Email,2002-04-03
101,U0102,188.4,188,2,1,Regina Taylor,Regina,,Taylor,megan85@example.net,001-383-733-9452x288,968 Rich Manors Apt. 810,,,Thomaston,26702,"-18.333568,-93.598472",2026-01-04 13:20:17,Asia/Amman,/assets/profiles/U0102.jpg,Prefer not to say,English,Hindi,,2,2025-12-31 13:20:17,Facebook,1986-04-07
102,U0103,120.7,120,2,2,Brianna Brown,Brianna,,Brown,karenjohnson@example.com,298-838-6384,5800 Harris Ways Suite 359,Apt. 347,,Lake Charles,23280,"47.9347145,-115.922411",2025-07-31 07:38:30,Europe/Malta,/assets/profiles/U0103.jpg,Prefer not to say,English,,,3,2025-07-09 07:38:30,Email,1998-08-22
103,U0104,48.1,48,1,2,Jessica Hawkins,Jessica,,Hawkins,adam72@example.org,(759)309-4798,328 Kristie Estate Suite 886,Apt. 533,,Markport,29133,"75.9684355,104.809427",2025-06-09 04:41:52,America/Asuncion,/assets/profiles/U0104.jpg,Female,English,French,,4,2025-06-08 04:41:52,Email,1954-02-11
104,U0105,35.55,35,1,2,Ashley John Reed,Ashley,John,Reed,susanfleming@example.com,(216)648-4085x8877,8112 Courtney Fords,,,Port Gina,14122,"-34.815155,108.704594",2025-12-02 00:50:27,Europe/Podgorica,/assets/profiles/U0105.jpg,Prefer not to say,English,German,,1,2025-11-17 00:50:27,Apple,1988-12-20
105,U0106,149.5,149,2,1,Maria Case,Maria,,Case,andrewlove@example.org,610-824-8193,6650 Nunez Place Apt. 919,Apt. 158,,West Kristinport,80004,"-66.7789315,-28.861475",2025-12-30 03:07:17,Asia/Muscat,/assets/profiles/U0106.jpg,Non-binary,English,French,,3,2025-12-13 03:07:17,Email,1996-02-03
106,U0107,121.5,121,2,2,Jennifer Guerrero,Jennifer,,Guerrero,derekmyers@example.net,824-350-8821x0099,53682 Jack Ridges Suite 312,,,Port Karenside,60959,"83.053497,115.098942",2025-06-07 09:46:21,Asia/Brunei,/assets/profiles/U0107.jpg,Non-binary,English,German,,1,2025-05-21 09:46:21,Facebook,1977-07-09
107,U0108,75.63,75,2,1,Megan James King,Megan,James,King,michael31@example.com,+1-713-757-7594x929,05336 Larsen Dale Suite 777,,,Kimfort,72809,"-60.7854615,-85.634113",2025-10-13 21:40:33,Asia/Phnom_Penh,/assets/profiles/U0108.jpg,Non-binary,English,Spanish,,4,2025-09-14 21:40:33,Email,1984-10-09
108,U0109,201.43,201,2,2,Sarah Trevino,Sarah,,Trevino,josemercado@example.org,001-910-480-9969x308,3942 Mason Course Suite 580,,,Port Tamara,80983,"-45.4817115,96.025028",2026-03-19 20:13:21,America/Havana,/assets/profiles/U0109.jpg,Prefer not to say,English,Spanish,,1,2026-03-13 20:13:21,Apple,1954-10-16
109,U0110,140.1,140,1,1,Caitlin Ariel Knight,Caitlin,Ariel,Knight,ccrosby@example.org,001-273-214-5303x856,84498 Nicholas Lane Suite 918,,,Nicholasbury,68182,"18.942436,9.460672",2025-06-03 11:24:22,Africa/Tripoli,/assets/profiles/U0110.jpg,Non-binary,English,Hindi,,1,2025-05-25 11:24:22,Apple,2004-08-13
110,U0111,182.28,182,2,2,Rebecca Eaton,Rebecca,,Eaton,scotthall@example.net,+1-943-922-2591x3651,92603 David Ramp Apt. 280,Apt. 024,,New Susan,79059,"61.291484,162.321087",2025-10-19 14:11:30,Asia/Yerevan,/assets/profiles/U0111.jpg,Female,English,Mandarin,,4,2025-10-11 14:11:30,Facebook,1945-09-17
111,U0112,107.17,107,2,1,Travis Catherine Robinson,Travis,Catherine,Robinson,ajackson@example.net,(392)598-4257,2103 Serrano Rest Apt. 279,Apt. 881,,South Donnaside,00658,"84.2768175,51.658093",2026-03-10 12:34:35,Europe/Bratislava,/assets/profiles/U0112.jpg,Male,English,French,,3,2026-03-08 12:34:35,Google,1977-05-06
112,U0113,198.1,198,2,1,Jacqueline Alyssa Williams,Jacqueline,Alyssa,Williams,yclarke@example.com,001-691-862-4731,00981 Nicholas Ford Suite 651,,,South Denise,33745,"-19.857040,107.819121",2026-04-07 03:27:20,Europe/Oslo,/assets/profiles/U0113.jpg,Prefer not to say,English,Spanish,,1,2026-03-24 03:27:20,Facebook,1960-11-17
113,U0114,19.24,19,2,1,Lisa Raymond Braun,Lisa,Raymond,Braun,jwhite@example.net,844.795.6213x7213,60127 Davis Greens,,,West Christopher,05449,"13.1667275,35.094570",2025-09-15 04:17:52,America/Caracas,/assets/profiles/U0114.jpg,Non-binary,English,Spanish,,2,2025-09-03 04:17:52,Email,1959-02-15
114,U0115,120.67,120,2,1,Michelle Sonya Harper,Michelle,Sonya,Harper,mgonzales@example.net,443.309.8839x20530,5669 April Street Apt. 184,Suite 543,,South Sarah,75855,"-88.7513855,-39.818974",2025-06-14 18:22:39,Pacific/Galapagos,/assets/profiles/U0115.jpg,Prefer not to say,English,Mandarin,,1,2025-06-09 18:22:39,Google,2001-01-29
115,U0116,232.1,232,2,1,Katie Wesley Hansen,Katie,Wesley,Hansen,nancy94@example.net,669.373.5779x071,335 Moses Path Apt. 434,,,South Emilymouth,10466,"58.861284,-84.176195",2025-05-23 03:20:06,America/Asuncion,/assets/profiles/U0116.jpg,Non-binary,English,German,,2,2025-05-16 03:20:06,Apple,1968-05-25
116,U0117,44.1,44,1,2,Hayden Shannon,Hayden,,Shannon,victorgonzalez@example.net,343.333.3952,790 Melanie Landing,Suite 794,,Whitehaven,37236,"16.804964,-60.764847",2025-06-17 16:24:24,Europe/London,/assets/profiles/U0117.jpg,Male,English,Hindi,,4,2025-06-12 16:24:24,Facebook,1963-07-29
117,U0118,105.13,105,1,2,Amy Lloyd,Amy,,Lloyd,shawphillip@example.net,001-727-618-7500x369,434 Mullen Junctions,Suite 276,,South Jaclyn,49300,"7.9998755,35.066513",2026-04-07 14:56:46,Europe/Rome,/assets/profiles/U0118.jpg,Non-binary,English,Mandarin,,3,2026-03-12 14:56:46,Google,1977-10-24
118,U0119,75.32,75,2,1,Christopher Anderson,Christopher,,Anderson,lisale@example.org,+1-866-932-2702,885 Evans Points,,,South Coreyburgh,08370,"-32.160932,-43.479266",2025-12-30 02:49:36,America/Asuncion,/assets/profiles/U0119.jpg,Male,English,French,,4,2025-12-07 02:49:36,Facebook,1984-06-14
119,U0120,232.221,232,1,1,Joanna Michael Cook,Joanna,Michael,Cook,maurice61@example.com,+1-893-699-8245x5877,225 Welch Ports Suite 112,Suite 355,,Jenniferfurt,36054,"29.426500,14.972637",2025-11-10 04:55:46,Asia/Dubai,/assets/profiles/U0120.jpg,Prefer not to say,English,Mandarin,,2,2025-10-23 04:55:46,Email,1983-05-25
120,U0121,35.52,35,1,2,Jennifer White,Jennifer,,White,ebonyshepard@example.net,001-313-326-1117x800,216 Perez Street Suite 722,,,North Austin,47272,"-2.704437,75.633628",2025-05-26 06:11:19,Atlantic/Azores,/assets/profiles/U0121.jpg,Prefer not to say,English,Mandarin,,3,2025-05-08 06:11:19,Email,1946-11-02
121,U0122,173.14,173,2,1,Taylor Dunn,Taylor,,Dunn,brittanybryant@example.net,+1-796-888-4578x3174,40082 Mitchell Place Apt. 774,,,Port Russellport,78751,"-27.933591,-176.124874",2026-01-03 15:02:55,Asia/Damascus,/assets/profiles/U0122.jpg,Prefer not to say,English,,,3,2025-12-24 15:02:55,Google,1954-06-17
122,U0123,75.39,75,2,2,Chelsea Samuel Khan,Chelsea,Samuel,Khan,oclayton@example.com,863-589-4484,24179 Nelson Road,Suite 350,,North Tara,03401,"-40.0877575,-125.092340",2025-06-10 02:30:51,America/Jamaica,/assets/profiles/U0123.jpg,Prefer not to say,English,French,,3,2025-06-08 02:30:51,Email,1962-04-09
123,U0124,58.9,58,2,2,Beth Alan Gonzales,Beth,Alan,Gonzales,snydermatthew@example.com,457.505.1204x6187,0136 Wright Bypass Apt. 718,,,South Paul,41409,"-3.2783855,-94.846134",2025-06-05 05:12:21,Africa/Lusaka,/assets/profiles/U0124.jpg,Non-binary,English,Mandarin,,2,2025-05-28 05:12:21,Google,1951-05-27
124,U0125,144.13,144,1,1,Patrick David Dunn,Patrick,David,Dunn,james03@example.org,565.202.4916,792 Townsend Gateway,,,South Christopher,81588,"0.8444895,155.615364",2025-12-11 16:10:12,Asia/Bahrain,/assets/profiles/U0125.jpg,Male,English,Hindi,,4,2025-11-20 16:10:12,Facebook,1978-01-05
125,U0126,201.124,201,1,2,Heather Moore,Heather,,Moore,martinezjesse@example.net,+1-657-930-6524x0778,285 Oconnor Harbor,Apt. 182,,Phillipsview,71490,"8.546066,63.781798",2026-02-09 01:43:56,Europe/Andorra,/assets/profiles/U0126.jpg,Non-binary,English,Spanish,,2,2026-01-22 01:43:56,Google,1981-10-06
126,U0127,201.14,201,1,2,Nicholas Andrade,Nicholas,,Andrade,kimberly35@example.net,686-738-7829,511 Bradley Curve Apt. 031,Suite 310,,Barretthaven,82286,"68.4576955,-42.594047",2026-03-06 10:57:36,Europe/Brussels,/assets/profiles/U0127.jpg,Male,English,German,,3,2026-02-19 10:57:36,Apple,1987-06-09
127,U0128,29.1,29,1,1,Connie Alexander Robbins,Connie,Alexander,Robbins,fhebert@example.com,+1-305-586-5094x8014,38633 Ashley Fall,Suite 195,,Parkchester,14145,"-45.222465,-83.150348",2025-06-27 18:18:44,Asia/Damascus,/assets/profiles/U0128.jpg,Non-binary,English,German,,2,2025-06-21 18:18:44,Apple,2007-12-10
128,U0129,233.37,233,1,2,Kathy Sandoval,Kathy,,Sandoval,umahoney@example.net,956-965-9398x36845,04908 Victoria Hollow Apt. 433,,,Andrewview,73070,"47.2433945,118.673680",2025-11-26 16:21:07,Pacific/Tongatapu,/assets/profiles/U0129.jpg,Non-binary,English,French,,4,2025-11-15 16:21:07,Facebook,1981-08-06
129,U0130,79.4,79,2,2,Brandon Stevens,Brandon,,Stevens,michael93@example.org,341-696-9315x727,961 Sandra Isle,,,Nicholechester,55095,"-57.642649,-58.281877",2025-05-31 10:47:24,Asia/Dubai,/assets/profiles/U0130.jpg,Male,English,Spanish,,1,2025-05-16 10:47:24,Email,1955-11-21
130,U0131,174.81,174,2,2,Madison Brian Chen,Madison,Brian,Chen,amber25@example.net,001-632-806-7998x136,51790 Baker Locks,,,Ayalaberg,18178,"39.096650,120.269850",2025-04-23 16:34:43,Pacific/Fiji,/assets/profiles/U0131.jpg,Female,English,,,3,2025-04-09 16:34:43,Apple,1980-12-12
131,U0132,64.14,64,1,2,Jennifer Ann Duncan,Jennifer,Ann,Duncan,johnadams@example.com,491-716-6553x55904,270 James Landing Apt. 110,,,New Sara,38208,"-86.313498,4.292414",2025-10-28 07:04:32,Europe/Chisinau,/assets/profiles/U0132.jpg,Female,English,Mandarin,,4,2025-10-24 07:04:32,Facebook,1995-04-30
132,U0133,31.22,31,2,2,Elizabeth Martin Ruiz,Elizabeth,Martin,Ruiz,jamesmills@example.com,+1-679-420-6980,3940 Pena Branch,,,South Donnastad,14642,"-84.878701,-22.967633",2025-11-02 15:18:23,Africa/Bangui,/assets/profiles/U0133.jpg,Non-binary,English,Spanish,,2,2025-10-14 15:18:23,Google,1995-08-16
133,U0134,201.122,201,1,2,Crystal James,Crystal,,James,todd98@example.org,(638)778-0038,2055 Garrett Freeway Suite 046,Apt. 843,,West Penny,86606,"-53.154367,-132.865412",2025-05-16 09:06:21,Africa/Johannesburg,/assets/profiles/U0134.jpg,Prefer not to say,English,,,4,2025-05-04 09:06:21,Apple,1993-07-23
134,U0135,135.62,135,1,2,Kelly Monique Gregory,Kelly,Monique,Gregory,jallen@example.com,495-878-2329x8324,925 Angela Stravenue,Apt. 252,,Port Lucaschester,54404,"-8.570613,57.836221",2025-07-05 00:30:52,Europe/Zurich,/assets/profiles/U0135.jpg,Female,English,Hindi,,4,2025-06-17 00:30:52,Apple,1991-12-25
135,U0136,232.65,232,1,2,Christian Lopez,Christian,,Lopez,farmercheryl@example.com,+1-999-739-3305x172,7722 Jeremy Lodge,,,West Stephaniebury,97804,"-35.552277,-70.176555",2025-06-18 10:41:39,Africa/Bujumbura,/assets/profiles/U0136.jpg,Male,English,Spanish,,4,2025-05-29 10:41:39,Google,1954-03-20
136,U0137,201.139,201,2,2,Tammy Michelle Duke,Tammy,Michelle,Duke,michelle36@example.com,001-909-965-6999x880,88608 Black Roads,,,East Kellyfurt,40419,"-13.250387,67.683874",2025-12-30 20:04:38,America/Dominica,/assets/profiles/U0137.jpg,Female,English,,,3,2025-12-22 20:04:38,Email,1978-08-09
137,U0138,233.33,233,2,1,Elizabeth Ellison,Elizabeth,,Ellison,stevenlucas@example.org,001-981-529-8266x570,45211 Jasmin Roads Suite 186,Apt. 686,,Port Georgemouth,74621,"87.041327,-99.421185",2025-10-25 11:14:18,Europe/Copenhagen,/assets/profiles/U0138.jpg,Prefer not to say,English,,,4,2025-09-29 11:14:18,Email,1992-03-19
138,U0139,232.43,232,2,1,Cassidy Joseph,Cassidy,,Joseph,jessica74@example.net,(912)930-9407,733 Chavez Mills,,,New Carolbury,72242,"-15.3446275,152.734358",2025-08-05 08:04:48,Asia/Aden,/assets/profiles/U0139.jpg,Prefer not to say,English,Mandarin,,4,2025-07-28 08:04:48,Facebook,1973-10-25
139,U0140,201.33,201,1,1,Amber Denise Hernandez,Amber,Denise,Hernandez,estradamary@example.com,710-216-2249x99827,5561 Bridges Circles,,,Thomasville,91546,"-16.3363335,-3.257518",2025-06-03 03:43:11,Africa/Freetown,/assets/profiles/U0140.jpg,Female,English,Hindi,,2,2025-05-21 03:43:11,Facebook,1947-10-06
140,U0141,182.8,182,1,2,Kelly Dominguez,Kelly,,Dominguez,duncantiffany@example.net,779-446-9548,772 Jeanette Fields Apt. 107,Apt. 396,,Williamsstad,73955,"81.1285545,-66.001940",2025-04-30 07:03:06,America/Antigua,/assets/profiles/U0141.jpg,Female,English,German,,1,2025-04-12 07:03:06,Facebook,1986-11-30
141,U0142,69.9,69,2,1,Melissa King,Melissa,,King,william50@example.org,+1-455-969-9023x5577,785 Bowers Loop,,,Port Adrianashire,95523,"-5.3078515,118.058492",2025-08-05 05:22:49,Africa/Mogadishu,/assets/profiles/U0142.jpg,Female,English,Spanish,,2,2025-07-06 05:22:49,Facebook,1949-11-18
142,U0143,133.21,133,1,2,Christine Lauren Jennings,Christine,Lauren,Jennings,carl24@example.org,868-329-9629x14504,57438 Thompson Landing Apt. 317,,,Port Timothyhaven,20696,"-38.9404405,2.598335",2026-02-10 17:57:55,Europe/Bucharest,/assets/profiles/U0143.jpg,Prefer not to say,English,French,,3,2026-01-16 17:57:55,Email,2005-09-11
143,U0144,34.19,34,2,1,Patricia Monica Thomas,Patricia,Monica,Thomas,jamiejohnson@example.com,001-681-204-0915x701,353 Justin Place Suite 714,,,East Joshua,02500,"77.2205145,120.446794",2026-04-06 23:44:53,Asia/Singapore,/assets/profiles/U0144.jpg,Non-binary,English,Spanish,,2,2026-03-13 23:44:53,Facebook,2001-03-18
144,U0145,105.1,105,2,1,Christine Lucas Bell,Christine,Lucas,Bell,audrey21@example.com,+1-358-870-2070x160,99795 Cook Flat Apt. 792,,,Port Leahmouth,13249,"32.2949445,-13.359733",2026-01-06 05:47:04,Asia/Vientiane,/assets/profiles/U0145.jpg,Non-binary,English,French,,3,2025-12-29 05:47:04,Apple,1954-11-24
145,U0146,75.122,75,2,2,Julie Meza,Julie,,Meza,roberta62@example.net,+1-755-477-0171x5772,1581 Patel Locks,,,Allenbury,72321,"-47.313317,78.972921",2026-03-08 02:43:52,Indian/Maldives,/assets/profiles/U0146.jpg,Female,English,Hindi,,4,2026-02-21 02:43:52,Facebook,1955-01-17
146,U0147,113.12,113,1,2,Glen Cervantes,Glen,,Cervantes,vbradley@example.net,001-332-919-7199x758,6191 Murphy Rue,,,North Jeffberg,76623,"80.7606035,-179.901036",2025-09-22 03:19:38,Asia/Taipei,/assets/profiles/U0147.jpg,Male,English,French,,1,2025-09-15 03:19:38,Apple,1985-06-24
147,U0148,196.16,196,2,2,Mary Chavez,Mary,,Chavez,rgonzalez@example.com,294-765-1909x8624,85140 Ryan Ramp,Suite 566,,Grahamborough,87334,"-43.4505785,74.944650",2025-09-06 03:38:02,America/Havana,/assets/profiles/U0148.jpg,Non-binary,English,French,,1,2025-08-07 03:38:02,Google,1965-02-06
148,U0149,121.6,121,2,1,Kristi Michael Bridges,Kristi,Michael,Bridges,whitney22@example.org,902-876-2126,8687 Kelly Ferry,,,Jacobsshire,65795,"-26.447916,89.363601",2025-06-06 14:36:27,Asia/Baghdad,/assets/profiles/U0149.jpg,Non-binary,English,,,2,2025-05-27 14:36:27,Google,1973-08-28
149,U0150,107.8,107,2,1,Timothy Johnston,Timothy,,Johnston,hbush@example.net,312.684.7818x9137,8077 Berry Isle,,,Gomezport,38408,"-45.0348685,-161.034371",2025-04-22 09:39:35,Europe/Chisinau,/assets/profiles/U0150.jpg,Male,English,Spanish,,1,2025-03-30 09:39:35,Facebook,1947-07-17
