user_id,state_id,country_id,user_status_id,user_category_id,full_name,first_name,middle_name,last_name,primary_email_address,primary_phone_number,addr_ln1,addr_ln2,addr_ln3,city_name,zip_code,last_location,last_update_date,time_zone,profile_picture_path,gender,language_1,language_2,language_3,promotion_wizard_stage,promotion_wizard_last_update_date,external_auth_provider,dob
U1,156.11,156,2,2,David Mark Edwards,David,Mark,Edwards,gvaughn@example.net,(837)416-2325,457 Wagner Knoll,,,Shannonmouth,63814,"-77.070602,165.328956",2025-11-27 07:24:31+00,Europe/Warsaw,/images/profiles/94e900f7-c6cd-480a-9c49-460bc5e39acd.jpg,Male,English,None,None,1,2025-11-05 07:24:31+00,Apple,1962-04-10
U2,240.26,240,4,1,Erin Samuel Jenkins,Erin,Samuel,Jenkins,amber25@example.net,2793577760,077 Phillips Glen,Suite 839,,Julieburgh,64141,"-33.3246535,-86.987376",2026-01-18 14:19:01+00,America/Tijuana,/images/profiles/89ebb151-0f97-43ab-a8e3-ba9348adc689.jpg,Female,German,French,None,1,2025-12-30 14:19:01+00,Google,1951-03-07
U3,232.174,232,4,2,Patrick Lee,Patrick,,Lee,ostanton@example.com,+1-980-964-9357x006,4431 Lee Plain,,,Ortegafort,66211,"73.0166555,-97.165106",2026-02-11 01:05:29+00,America/Belize,/images/profiles/ea49addf-a67e-43b1-9894-42141ccb3343.jpg,Female,German,None,None,2,2026-02-01 01:05:29+00,None,1964-02-14
U4,182.2,182,2,5,Charles Tran,Charles,,Tran,willie55@example.net,+1-511-483-8306x792,9669 David Shoal Apt. 965,,,Josephchester,41811,"74.895613,170.875633",2025-04-29 12:38:18+00,America/Grenada,/images/profiles/e1647f37-2beb-414b-a353-99189a054931.jpg,Prefer not to say,French,None,None,2,2025-04-22 12:38:18+00,Facebook,1997-08-10
U5,120.41,120,4,3,Leslie Tyler Harrington,Leslie,Tyler,Harrington,jeffery61@example.net,560-893-5538x25852,62510 David Light,Apt. 585,,New Patrick,21250,"-48.3616735,86.679353",2025-06-30 05:31:48+00,America/Argentina/Buenos_Aires,/images/profiles/ec70dc8a-2e3c-4e3e-b270-becb907873d5.jpg,Male,English,French,None,4,2025-06-26 05:31:48+00,Google,1954-11-07
U6,229.64,229,3,1,David Delacruz,David,,Delacruz,markwalker@example.com,(944)722-0387x1536,3135 Tiffany Island,,,New Jeremiah,15503,"-2.9210535,122.536558",2025-10-09 06:36:26+00,Asia/Kabul,/images/profiles/db857b77-7151-405c-a695-0b4adec001af.jpg,Female,German,English,None,4,2025-09-22 06:36:26+00,Facebook,1938-11-22
U7,176.14,176,3,1,Meghan Richardson,Meghan,,Richardson,laurie98@example.org,478-491-8355x367,324 Koch Rue Suite 289,,,Amandaville,53284,"19.867729,75.111678",2025-11-24 06:55:33+00,Europe/Rome,/images/profiles/87a52048-45e6-43c9-9da6-dc9d0c182e10.jpg,Prefer not to say,Mandarin,None,None,3,2025-11-19 06:55:33+00,None,1937-08-28
U8,178.56,178,5,1,Jeanette Hall,Jeanette,,Hall,jason88@example.org,+1-868-646-1977x678,402 Jesus Shores Apt. 792,,,South Michaeltown,54628,"-18.0019975,75.738174",2026-01-31 02:30:34+00,America/El_Salvador,/images/profiles/e821cc05-c5d7-4c60-9e41-9a2ed9bc1f14.jpg,Prefer not to say,German,Spanish,None,2,2026-01-10 02:30:34+00,Apple,1957-07-25
U9,232.112,232,4,4,Joseph Katie Webb,Joseph,Katie,Webb,fitzpatrickmichelle@example.org,(959)868-6611x97824,408 Benjamin Unions Apt. 216,Apt. 952,,Reginafurt,75419,"86.316206,7.511911",2026-03-29 05:51:43+00,Asia/Baghdad,/images/profiles/590aabc8-ccdc-4b69-9d5c-e9d7d24f99fd.jpg,Female,English,None,None,2,2026-03-27 05:51:43+00,None,1983-04-05
U10,149.84,149,5,4,Matthew Shields,Matthew,,Shields,randyashley@example.org,001-642-928-0165x298,97743 Miller Garden Apt. 957,Suite 600,,South Rachel,69197,"-40.0811995,-37.570987",2026-03-20 13:49:35+00,Africa/Bissau,/images/profiles/b0159741-c6d8-4150-ac2e-44c86118eba9.jpg,Non-Binary,English,None,None,2,2026-02-20 13:49:35+00,Apple,2002-08-05
U11,1.33,1,1,3,Sheila Ian Jackson,Sheila,Ian,Jackson,pcameron@example.net,618-320-8974x568,2568 Jennifer Greens,,,Boothside,69479,"-1.5812365,130.080249",2026-04-03 08:21:57+00,Africa/Lusaka,/images/profiles/5f5c9cf9-f231-483d-96cc-5495f1e3df88.jpg,Male,French,None,None,3,2026-03-08 08:21:57+00,None,1969-01-24
U12,192.7,192,5,5,David Smith,David,,Smith,paul15@example.net,524-627-7665x83828,47926 Russell Lights Suite 154,,,Kimberlyshire,80676,"-3.725990,178.826893",2025-07-04 03:32:43+00,Asia/Kabul,/images/profiles/3cdef3ea-6c66-455b-86f5-4d3cbdff74d5.jpg,Male,French,French,None,1,2025-06-12 03:32:43+00,None,1975-03-25
U13,4.56,4,3,2,Charles Ian Stewart,Charles,Ian,Stewart,rwatkins@example.com,691-485-1739x6890,61456 Michaela Spur,Suite 697,,West Robertbury,92995,"-54.2151555,45.257221",2026-03-14 18:21:11+00,Asia/Beirut,/images/profiles/fe55ca1a-1535-4606-83a1-49c1ad3575b2.jpg,Non-Binary,English,None,None,4,2026-02-21 18:21:11+00,None,2007-07-21
U14,214.21,214,4,1,Walter Nichols,Walter,,Nichols,nealjake@example.org,001-994-596-2002x547,28611 Shelly Island,,,East Donald,25446,"-52.382299,38.424457",2025-08-06 21:42:53+00,America/Noronha,/images/profiles/7e35a99d-c0f0-48ca-9ed9-bac55c85336e.jpg,Male,Mandarin,French,None,2,2025-08-03 21:42:53+00,Apple,1939-06-23
U15,4.1,4,2,1,Kathryn Gary Mcintyre,Kathryn,Gary,Mcintyre,megan58@example.org,265.570.0897x60526,1656 Stephanie Unions,,,Lake Joshua,66167,"-10.2758015,13.423835",2025-11-08 23:43:02+00,Pacific/Ponape,/images/profiles/c9ee7a80-687f-4d30-a79c-224b6fe04a22.jpg,Non-Binary,German,None,None,1,2025-10-16 23:43:02+00,None,1949-12-21
U16,169.5,169,1,1,David Miller,David,,Miller,cschultz@example.net,+1-425-445-6141,060 Jones Underpass Apt. 091,,,North Christineborough,08017,"-68.556565,-85.786977",2025-06-16 05:37:58+00,Indian/Antananarivo,/images/profiles/486bc302-d6af-4b5c-bede-9bccf38b6292.jpg,Prefer not to say,English,Spanish,None,4,2025-05-20 05:37:58+00,None,2001-07-19
U17,3.26,3,2,2,Jessica Tamara Allen,Jessica,Tamara,Allen,maxcampbell@example.net,+1-630-301-5312x425,6876 Linda Court,,,Lewistown,61334,"48.527986,151.782961",2025-06-27 03:15:22+00,Europe/Helsinki,/images/profiles/058259bd-7fa4-4851-840c-7805aa53d073.jpg,Male,Spanish,English,None,1,2025-05-30 03:15:22+00,Apple,1993-12-07
U18,4.7,4,1,1,Alison Brenda Patton,Alison,Brenda,Patton,aaron13@example.net,001-231-662-1733,5581 Amy Island,,,Nashberg,01078,"-61.259852,-6.859000",2026-02-22 00:40:18+00,America/Guatemala,/images/profiles/292c40d8-8bd7-4630-abc3-db043d8f58fd.jpg,Non-Binary,Spanish,Spanish,None,1,2026-02-02 00:40:18+00,Apple,1954-10-08
U19,182.35,182,1,2,Alicia Hill,Alicia,,Hill,oscarrivera@example.org,222.836.4061x6584,50055 Kyle Springs,Suite 761,,East Davidstad,97275,"-35.0642905,48.742144",2025-04-14 05:07:37+00,Asia/Bahrain,/images/profiles/7a7fd54d-0841-422e-a964-325d5a07e904.jpg,Non-Binary,Mandarin,English,None,1,2025-03-27 05:07:37+00,Apple,1981-12-29
U20,60.6,60,3,5,Michael Bruce,Michael,,Bruce,robinsoncharles@example.net,(480)304-9534x37481,4231 Taylor Ridges Apt. 432,,,Lake Derekbury,37041,"-59.207315,-54.851769",2025-09-30 18:21:58+00,Europe/Andorra,/images/profiles/3bfabd9f-c04d-41d1-9eb6-944d97fd704b.jpg,Female,Mandarin,None,None,1,2025-09-14 18:21:58+00,Facebook,1996-04-14
U21,19.62,19,4,4,Timothy Harrison,Timothy,,Harrison,porterdavid@example.org,488.893.1673,96320 Robbins Parkway,,,West Henry,21320,"-68.808515,144.266535",2025-04-28 22:17:16+00,Asia/Taipei,/images/profiles/2ad52d0a-5d02-4cbc-96c3-59abd9e020f4.jpg,Male,Spanish,French,None,1,2025-04-21 22:17:16+00,None,1942-03-29
U22,120.113,120,4,2,Lisa Crawford,Lisa,,Crawford,wtaylor@example.org,(691)480-4000,9762 James Estates,,,South Melissa,48705,"-76.035830,-165.469620",2026-03-23 06:12:02+00,Europe/Simferopol,/images/profiles/a3ecd91e-3b94-4422-9c5f-e1cce1936ab2.jpg,Female,French,None,None,4,2026-02-26 06:12:02+00,Google,2003-04-18
U23,207.7,207,4,4,Jeffrey Kevin Ross,Jeffrey,Kevin,Ross,carrolldennis@example.org,231.548.1083x98923,180 Brittney Wall,Apt. 932,,New Lorrainemouth,93699,"-85.904070,9.905637",2025-10-30 10:23:12+00,Asia/Jerusalem,/images/profiles/637d6ef6-3e70-4fc6-b90a-d1526d54766d.jpg,Female,English,French,None,4,2025-10-24 10:23:12+00,None,1952-04-08
U24,99.3,99,2,1,Terri Stacy Larson,Terri,Stacy,Larson,stantonjoseph@example.com,854.835.5512x29357,277 Eric Lane Apt. 440,,,West Andrewtown,56948,"-47.212085,108.042151",2025-09-01 09:28:33+00,Africa/Addis_Ababa,/images/profiles/4c94a9a4-222b-4f5f-afd3-cb6393a51c50.jpg,Male,German,None,None,3,2025-08-15 09:28:33+00,Facebook,1949-10-08
U25,232.201,232,3,2,Tyler Sandra Becker,Tyler,Sandra,Becker,tboone@example.org,001-769-728-5129x687,7532 James Plaza,Apt. 757,,Robinfurt,25727,"-3.055918,-109.532626",2026-02-08 07:26:43+00,America/Guayaquil,/images/profiles/0062189b-5935-4e74-850a-9dfe971e664a.jpg,Female,Mandarin,French,None,2,2026-01-18 07:26:43+00,Google,2004-07-09
U26,149.27,149,3,1,Gregory Thomas,Gregory,,Thomas,tmiller@example.com,001-760-765-5674x068,840 Carrillo Street,Apt. 886,,South Christopher,44334,"40.3194135,168.855441",2025-06-19 13:35:37+00,Asia/Katmandu,/images/profiles/b7ff2e20-f99a-48fc-935f-f18a511c6ac9.jpg,Female,Mandarin,Spanish,None,2,2025-05-28 13:35:37+00,None,1973-11-01
U27,174.46,174,1,2,Patrick Robert Morales,Patrick,Robert,Morales,xdavis@example.com,+1-954-252-8251x0165,50793 Paul Rue,,,South Destinymouth,02051,"71.463429,122.056641",2025-08-22 22:52:59+00,Africa/Bangui,/images/profiles/f2586cab-86a3-4dfa-9aaa-5e9b82a5a639.jpg,Female,Mandarin,Spanish,None,1,2025-08-15 22:52:59+00,None,1979-11-30
U28,161.23,161,4,5,Tracy Vincent Wood,Tracy,Vincent,Wood,luissmith@example.com,949.651.9728,8309 Bradley Grove Suite 973,,,Angelaland,38967,"-27.248353,71.129953",2025-07-25 17:14:20+00,Asia/Colombo,/images/profiles/1c52f6c9-41f5-4e80-adab-971f0e3939b9.jpg,Female,English,Spanish,None,3,2025-07-12 17:14:20+00,Facebook,1976-06-04
U29,56.16,56,1,1,Kyle Flores,Kyle,,Flores,michael26@example.org,(536)720-8929x3786,2127 Hobbs Crossroad,,,West Kristinview,01229,"61.8197475,11.253577",2026-01-06 03:42:59+00,Europe/Malta,/images/profiles/68a043cd-aaa0-4ab4-89e3-9b75037a7ffe.jpg,Female,French,None,None,2,2026-01-03 03:42:59+00,None,1991-10-20
U30,26.4,26,1,1,Christine Miguel Hubbard,Christine,Miguel,Hubbard,tammyroberts@example.org,459-401-5441x3429,78967 Ward Underpass Suite 202,,,East Willieberg,73099,"-72.8077165,5.200268",2026-03-15 11:38:00+00,Europe/San_Marino,/images/profiles/a7bce834-08c9-4e46-9adb-a0c1222bcb09.jpg,Female,Mandarin,None,None,3,2026-03-08 11:38:00+00,Apple,1938-10-26
U31,177.3,177,4,5,David White,David,,White,natasha27@example.net,(925)879-3846,5176 Obrien Roads Apt. 600,,,Port Reneeview,08545,"26.819159,-169.034429",2025-08-29 19:30:03+00,America/El_Salvador,/images/profiles/b7c6425e-2974-491b-8730-8d61a7c3edb9.jpg,Non-Binary,French,French,None,3,2025-08-06 19:30:03+00,Apple,1958-01-14
U32,200.1,200,3,3,Benjamin Hunt,Benjamin,,Hunt,jamie79@example.com,+1-941-272-5277x9478,0217 Julie Grove,,,Ruizstad,26034,"89.1224695,-71.809949",2025-12-29 15:24:49+00,Asia/Katmandu,/images/profiles/7c6d4006-8645-4c1b-9cef-1982bc93f7d3.jpg,Non-Binary,German,None,None,1,2025-12-25 15:24:49+00,Google,2000-05-09
U33,16.57,16,4,3,Daniel Woods,Daniel,,Woods,rebeccaharrison@example.org,+1-209-325-1658x353,14437 Davis Ferry,Suite 415,,Donnaside,67648,"64.499657,105.479040",2025-12-24 04:55:47+00,Africa/Abidjan,/images/profiles/e045e6c4-a406-4099-9292-fc9f33769919.jpg,Non-Binary,Mandarin,French,None,3,2025-11-28 04:55:47+00,Google,1951-10-12
U34,83.14,83,5,5,Laura Robin Hamilton,Laura,Robin,Hamilton,michael27@example.net,603.570.5372,4068 Anita Club,,,Lake Brittany,74939,"44.334540,34.732889",2025-06-05 16:07:33+00,Europe/Copenhagen,/images/profiles/ed4c25cb-a4bf-45c8-a355-43141d01f505.jpg,Female,Spanish,None,None,3,2025-05-24 16:07:33+00,Apple,1962-08-29
U35,234.5,234,2,2,Mary Reyes,Mary,,Reyes,andrewdavis@example.com,+1-602-766-6687,3519 Anthony Ports,,,Sanchezbury,82237,"-42.0096845,79.900675",2025-11-17 12:39:28+00,Africa/Johannesburg,/images/profiles/995f991b-3e69-42cc-8d07-ec41cdff7485.jpg,Male,German,None,None,2,2025-11-06 12:39:28+00,Apple,1994-06-02
U36,206.1,206,3,2,Courtney Barker,Courtney,,Barker,avance@example.com,334.207.4118,21404 Todd Springs,,,Joannamouth,74931,"64.307996,167.047170",2025-10-02 20:43:26+00,Africa/Malabo,/images/profiles/c56b2b3f-fdf4-432f-b615-484ca72ad42d.jpg,Prefer not to say,German,None,None,3,2025-09-23 20:43:26+00,Facebook,1963-02-02
U37,173.16,173,2,3,Sheri Brandon Benson,Sheri,Brandon,Benson,melissanielsen@example.com,001-507-969-8603x639,0640 Jennifer Way Suite 228,,,Ryanmouth,88346,"-85.4159485,-9.125623",2026-02-09 09:09:14+00,Pacific/Port_Moresby,/images/profiles/9a68ef18-6a28-46ac-a4bd-643f3b915dd6.jpg,Non-Binary,Spanish,Spanish,None,4,2026-01-27 09:09:14+00,None,1986-09-11
U38,62.1,62,2,3,Amanda Preston Travis,Amanda,Preston,Travis,stephanie14@example.net,001-628-786-9369x523,41015 Victoria Shoals,,,Samanthashire,55531,"-54.2751735,3.305827",2025-10-26 06:28:05+00,America/Monterrey,/images/profiles/0c9c3a11-75c7-4734-9d7c-81ad8505f019.jpg,Female,Mandarin,None,None,3,2025-09-26 06:28:05+00,None,1951-05-01
U39,103.2,103,3,4,Julian Marcus Griffin,Julian,Marcus,Griffin,randywalker@example.org,268-805-2555x845,44827 Jeffrey Crossing,Suite 919,,Ericborough,38545,"-12.4824425,-168.070906",2025-08-22 03:05:55+00,Asia/Bangkok,/images/profiles/f985b8a3-57f3-49ee-8320-63af7ce79f8c.jpg,Female,Spanish,French,None,3,2025-08-14 03:05:55+00,Apple,1977-08-02
U40,209.15,209,3,2,Donald Lauren Heath,Donald,Lauren,Heath,stevenshaw@example.com,4012427941,5024 Steven Lodge,,,Lake Gregory,67525,"-15.126076,117.277509",2026-01-04 00:28:57+00,Europe/Malta,/images/profiles/c5db194a-4193-4809-af9f-fe3f3e6cfb90.jpg,Prefer not to say,German,None,None,2,2025-12-29 00:28:57+00,Facebook,1959-08-04
U41,120.9,120,3,5,Clayton Gonzalez,Clayton,,Gonzalez,jessewells@example.org,863.659.4270,5956 Kimberly Pine Apt. 597,,,New Hannahmouth,55740,"60.816012,57.293883",2025-12-12 18:09:15+00,Africa/Johannesburg,/images/profiles/a6cb724c-a8fc-433f-a39b-51489e415fd2.jpg,Female,German,None,None,4,2025-11-28 18:09:15+00,None,1996-12-12
U42,144.1,144,4,5,Anita Michelle Adams,Anita,Michelle,Adams,ryanmckinney@example.com,+1-615-544-6054x8039,99281 Charles Shoals Apt. 513,,,Jonesbury,54242,"68.6002645,15.632703",2025-08-22 04:25:11+00,Africa/Djibouti,/images/profiles/daf54776-83e1-4850-b6cd-470f88769088.jpg,Female,Mandarin,None,None,4,2025-08-21 04:25:11+00,None,1972-08-18
U43,131.12,131,5,1,Jason Chambers,Jason,,Chambers,danielle32@example.com,433-337-7830x98147,1716 Stephens Key Suite 774,,,Port Scottchester,18339,"65.721424,-16.874771",2025-07-28 02:10:12+00,Europe/Rome,/images/profiles/7c55a3f5-3228-47c5-ac53-4b88c7580823.jpg,Male,English,French,None,1,2025-07-21 02:10:12+00,None,1968-05-12
U44,58.58,58,1,5,Becky Brian Rice,Becky,Brian,Rice,kgonzalez@example.org,+1-330-539-0263,84859 Gill Corner Suite 615,,,Hullshire,22968,"-87.857639,-104.199145",2026-02-06 21:23:21+00,Europe/Bratislava,/images/profiles/5bccccb8-94b5-4829-bd66-b5bf0707e3d9.jpg,Non-Binary,German,French,None,3,2026-01-31 21:23:21+00,Apple,1937-06-27
U45,218.4,218,2,3,Bernard Matthew Lopez,Bernard,Matthew,Lopez,thompsonjoan@example.net,(452)388-3229x4311,4853 Darlene Vista,,,East Justinland,54568,"-58.4707945,42.599460",2025-11-05 00:05:52+00,America/Grenada,/images/profiles/beaaf800-8966-4d79-a578-48ca21340cb1.jpg,Non-Binary,Mandarin,None,None,3,2025-10-26 00:05:52+00,None,1987-07-16
U46,3.17,3,1,5,Jacob Catherine Webb,Jacob,Catherine,Webb,millerkaren@example.net,429-431-2462,6713 Cooke Burgs,,,Lake Antonio,90187,"-71.731549,91.367858",2025-05-08 16:29:03+00,Africa/Sao_Tome,/images/profiles/d613c1a1-5ed9-4a72-91ca-919de7f5cd99.jpg,Prefer not to say,Mandarin,None,None,3,2025-04-09 16:29:03+00,Apple,1936-11-21
U47,35.16,35,3,3,Dean Kristy Haas,Dean,Kristy,Haas,belljoseph@example.com,(954)435-9126,2017 Jeffrey Glens,Apt. 556,,South Nicholasport,80538,"-41.588120,-121.274901",2025-06-09 23:28:00+00,Europe/Sarajevo,/images/profiles/781a0142-1d9c-4c9a-b5e5-00f9e5ec4f1f.jpg,Female,French,None,None,4,2025-06-06 23:28:00+00,Google,1974-03-03
U48,49.3,49,5,3,Timothy Ramirez,Timothy,,Ramirez,bensonsteven@example.com,967.624.1772,1855 Lisa Pines Apt. 409,,,Sotofurt,60964,"30.7778825,-96.469114",2025-05-11 10:02:20+00,Asia/Katmandu,/images/profiles/6645b876-431e-4519-93fc-74d292832820.jpg,Prefer not to say,English,None,None,1,2025-04-12 10:02:20+00,None,1947-12-01
U49,159.4,159,2,2,Herbert Byrd,Herbert,,Byrd,icastro@example.org,450-259-4066x29905,888 Dean Courts,Suite 313,,Lake Marissaport,71174,"-42.6492055,25.605526",2025-11-08 21:29:50+00,Europe/Minsk,/images/profiles/5febc01c-1937-45d1-bd4f-b820f07c0acc.jpg,Male,Spanish,None,None,3,2025-10-17 21:29:50+00,Apple,1970-02-20
U50,219.12,219,2,4,Brent Wright,Brent,,Wright,ronniecook@example.org,+1-740-730-1087,3569 Leslie Manor,Apt. 087,,South Kevin,24447,"49.812304,-26.951331",2025-04-14 19:22:33+00,Europe/Minsk,/images/profiles/013afce1-e7f4-4776-bd95-f088e15baf18.jpg,Male,Spanish,Spanish,None,4,2025-04-02 19:22:33+00,None,2005-06-30
U51,109.18,109,2,4,Amy Stacy Watson,Amy,Stacy,Watson,phillipsosa@example.org,(675)679-2767x08628,74546 Nicole Club,,,East Timothy,96912,"27.1254005,114.826743",2025-06-04 23:12:53+00,Europe/Podgorica,/images/profiles/b19a852d-fd3a-4ab7-972a-f143f2fccf9a.jpg,Male,English,None,None,1,2025-05-10 23:12:53+00,None,1996-11-16
U52,240.3,240,3,3,Denise Victoria Dickson,Denise,Victoria,Dickson,hernandezchristina@example.net,+1-347-299-0075x7508,46656 Barbara Glens Suite 160,,,Foxfurt,97423,"-5.004548,17.832067",2025-08-09 04:41:53+00,Europe/Minsk,/images/profiles/a0f15685-e425-4cf9-9948-6e78bad930ea.jpg,Prefer not to say,English,English,None,2,2025-07-25 04:41:53+00,Apple,1961-10-27
U53,58.44,58,3,1,Julie Mitchell,Julie,,Mitchell,robleskristen@example.net,2269876797,6444 Thornton Village Suite 386,,,Liuport,88809,"71.062834,59.016398",2025-06-12 17:03:06+00,Asia/Kabul,/images/profiles/adb656f7-f26f-4df0-bf48-0fe8ccb16eb6.jpg,Non-Binary,German,None,None,2,2025-05-25 17:03:06+00,Facebook,1984-01-11
U54,174.28,174,3,5,Jaime Keith Wilson,Jaime,Keith,Wilson,maynardalexis@example.com,+1-939-732-5024,9366 Nelson Inlet Apt. 431,Suite 655,,Dawsonton,07031,"-10.927783,81.589889",2025-04-11 13:19:23+00,Africa/Ndjamena,/images/profiles/268e9245-de22-4ad8-8d96-78b2e1384971.jpg,Non-Binary,Mandarin,None,None,1,2025-03-20 13:19:23+00,None,1977-09-02
U55,48.29,48,1,5,Alejandra Vickie Kelly,Alejandra,Vickie,Kelly,nwest@example.com,5185842695,84685 Rodriguez Burg,,,East Molly,01655,"17.491548,-12.760262",2025-07-24 19:02:08+00,Europe/Podgorica,/images/profiles/15d11c6d-711c-41c5-b691-f3a9f1814803.jpg,Male,Mandarin,Spanish,None,3,2025-07-21 19:02:08+00,None,1960-01-28
U56,107.7,107,4,4,Michael Tonya Taylor,Michael,Tonya,Taylor,vjohnson@example.net,001-393-392-5961x995,600 Barnes Station,,,Lake Daniel,05804,"5.971783,-125.320546",2025-07-04 12:37:00+00,Asia/Bishkek,/images/profiles/05bb4316-6f97-4e32-84bd-eee7fabb1fb6.jpg,Prefer not to say,German,None,None,2,2025-06-10 12:37:00+00,None,1951-06-15
U57,240.63,240,1,2,Cindy Murray,Cindy,,Murray,paul47@example.org,8354882643,565 Best Springs Apt. 988,Suite 912,,Lake Kevinberg,56818,"-29.7331265,100.476633",2025-05-31 19:57:53+00,Pacific/Tongatapu,/images/profiles/09d1694d-d619-4cd5-a536-1525af8b7218.jpg,Non-Binary,Spanish,English,None,3,2025-05-13 19:57:53+00,Apple,1941-03-17
U58,230.3,230,1,3,Kevin Timothy Young,Kevin,Timothy,Young,jenkinsmichael@example.org,(893)901-4936x30703,88137 Richard Knolls,Suite 028,,Lake Marystad,74070,"14.844609,66.376639",2025-04-19 08:45:56+00,Asia/Riyadh,/images/profiles/b70e1ef4-78b9-4774-a96d-c9859131daf9.jpg,Male,Spanish,None,None,1,2025-04-15 08:45:56+00,None,1983-11-22
U59,135.16,135,2,5,Nicholas Simpson,Nicholas,,Simpson,alexismartin@example.com,001-411-975-7976,77702 Hoffman Oval Apt. 375,Suite 151,,East Lisa,89622,"58.2155235,173.786494",2026-04-02 21:27:50+00,Africa/Monrovia,/images/profiles/af6bd00a-11ae-4256-943c-854ec9a79832.jpg,Male,English,None,None,2,2026-03-13 21:27:50+00,None,1974-04-19
U60,206.5,206,2,1,Nicole Leslie Barnett,Nicole,Leslie,Barnett,victoria77@example.org,(681)768-6804x0584,1967 Rasmussen Trafficway,Apt. 228,,Penaberg,05012,"80.951813,-64.140541",2025-11-03 18:58:33+00,Europe/Bucharest,/images/profiles/545ae559-6d66-4175-9f2a-51d987161152.jpg,Female,French,Spanish,None,3,2025-10-06 18:58:33+00,Google,1940-08-28
U61,147.9,147,5,2,Teresa Rodriguez,Teresa,,Rodriguez,hugheskevin@example.net,491-431-9288x6528,199 Megan Track Suite 084,Apt. 779,,Gillespieshire,28909,"19.7032015,-139.640428",2026-03-07 00:53:24+00,Asia/Kuala_Lumpur,/images/profiles/76d134a2-3b8d-451d-9d39-6fd72bbc4c22.jpg,Prefer not to say,Spanish,None,None,1,2026-03-02 00:53:24+00,None,2002-11-09
U62,153.1,153,5,3,Glenn Shawn Nelson,Glenn,Shawn,Nelson,andrea67@example.org,(821)849-0385x407,86209 Hill Springs Apt. 070,,,Joannborough,20046,"-69.6760175,-1.618084",2025-10-19 10:27:13+00,Europe/Bucharest,/images/profiles/7f12cf00-c7ae-4d1c-9f52-762a3c7236fe.jpg,Male,English,English,None,2,2025-10-15 10:27:13+00,Google,2004-09-27
U63,232.73,232,4,2,Kimberly Victoria Hubbard,Kimberly,Victoria,Hubbard,ericbrown@example.com,(900)965-1415x25783,58492 Matthew Way Suite 219,,,Millerbury,70483,"57.559298,111.771282",2025-06-09 07:43:57+00,America/Montevideo,/images/profiles/b13c2b2e-e060-407e-bae4-1a0b6712b46c.jpg,Prefer not to say,German,French,None,3,2025-06-05 07:43:57+00,None,1994-04-14
U64,1.4,1,2,1,Katie Preston,Katie,,Preston,ulozano@example.org,687.669.5136x94906,627 Shields Plains,,,South Matthewtown,78183,"-58.7884955,-23.580004",2025-05-11 14:15:24+00,Asia/Krasnoyarsk,/images/profiles/1dbb952c-68d0-45eb-9022-df4e7a45c428.jpg,Male,German,Spanish,None,1,2025-04-24 14:15:24+00,Google,1976-11-28
U65,174.29,174,2,4,Patrick Santiago,Patrick,,Santiago,ronaldramirez@example.org,+1-703-260-9128,92221 Nichols Freeway,,,Andrewstown,89205,"-34.8700165,-142.231585",2025-08-14 14:35:29+00,Pacific/Efate,/images/profiles/6c8e1cb2-8c6a-4cc2-9420-16b0e895fa59.jpg,Male,German,English,None,1,2025-08-04 14:35:29+00,None,2006-01-16
U66,107.106,107,3,2,Shannon Aguirre,Shannon,,Aguirre,iphelps@example.org,001-286-563-5828x314,26605 Flores Cape Apt. 750,,,Lake Johnfurt,91944,"26.186411,105.347043",2025-12-22 23:38:31+00,America/Port_of_Spain,/images/profiles/d939b0c3-c563-40fb-9147-0510c6287bd2.jpg,Prefer not to say,German,Spanish,None,4,2025-11-24 23:38:31+00,Facebook,1976-08-07
U67,109.6,109,5,3,Alexander Angela Miller,Alexander,Angela,Miller,hoodmichele@example.com,+1-464-957-9844x7263,303 Charles Rapid Apt. 107,,,Sheilaborough,27225,"-52.2680895,47.690415",2025-12-07 10:12:53+00,Europe/Rome,/images/profiles/3640a20a-bd6c-41d6-8f0a-6002d15f1fd5.jpg,Male,Spanish,None,None,4,2025-11-11 10:12:53+00,Apple,1991-02-27
U68,150.11,150,1,3,Stephanie Jeffrey Butler,Stephanie,Jeffrey,Butler,turnersamantha@example.net,001-300-415-1032,188 Peterson Mills,,,Garciaport,10947,"-10.8252885,-144.787868",2025-11-07 04:39:54+00,Pacific/Tongatapu,/images/profiles/47f45c96-05bc-4da0-9b71-8439a85a2ddc.jpg,Prefer not to say,German,None,None,4,2025-10-17 04:39:54+00,Facebook,1980-02-27
U69,201.203,201,5,5,Latoya Brian Allen,Latoya,Brian,Allen,charlescooper@example.org,970-643-4493x2245,231 Mark Trace Apt. 123,,,West Johnfurt,67259,"14.549312,47.952889",2025-12-26 14:45:11+00,Europe/Skopje,/images/profiles/ad30f184-cd4e-46e3-abed-099e095e09b8.jpg,Non-Binary,Spanish,Spanish,None,2,2025-12-23 14:45:11+00,Google,1939-08-12
U70,112.14,112,4,3,Amanda Sherman,Amanda,,Sherman,kirbysonya@example.net,001-358-350-5915x777,283 Smith Courts,,,Marytown,89533,"75.6585315,-159.708038",2026-02-12 12:58:29+00,Europe/Malta,/images/profiles/7c35e51b-99e8-4929-84a4-2645ea876b52.jpg,Non-Binary,German,English,None,2,2026-01-28 12:58:29+00,None,2005-01-25
U71,129.29,129,5,4,Timothy Berry,Timothy,,Berry,zrichards@example.org,865-580-8483,221 Jessica Skyway Suite 442,,,Amyland,08915,"59.3671765,-11.504509",2025-04-29 12:07:20+00,Asia/Qatar,/images/profiles/22e14105-260a-47d4-b755-f949c6e51457.jpg,Male,French,Spanish,None,4,2025-04-13 12:07:20+00,None,1965-08-31
U72,121.2,121,1,4,Michael James Davidson,Michael,James,Davidson,david07@example.net,200.596.8433x835,330 Mcintyre Manor Apt. 366,,,Brownmouth,81678,"69.3901465,112.838021",2025-09-30 17:21:27+00,Pacific/Galapagos,/images/profiles/186e8ba8-b8af-4b38-8e69-3ee33deae002.jpg,Non-Binary,Spanish,None,None,2,2025-09-11 17:21:27+00,Google,1986-11-27
U73,54.5,54,1,3,Dana Michael Matthews,Dana,Michael,Matthews,sanchezrobert@example.net,001-236-786-9500x126,21596 Pratt Stream,,,North Heatherborough,07642,"-31.120804,144.322084",2025-04-11 14:35:37+00,America/Dominica,/images/profiles/cdf3a0d2-d961-4ace-bc2b-5f193bbd993e.jpg,Male,German,French,None,4,2025-03-31 14:35:37+00,None,1975-09-02
U74,120.72,120,5,3,James Perry,James,,Perry,moorejudy@example.com,782.513.8646x907,934 Joshua Courts,,,Eugenestad,09269,"78.059895,-164.172827",2025-10-01 16:30:28+00,Africa/Bamako,/images/profiles/e95305ec-79c9-4e11-bd6c-ea8f2ee3af21.jpg,Female,Spanish,None,None,3,2025-09-12 16:30:28+00,Google,1974-07-22
U75,232.78,232,2,4,Steven Erin Keller,Steven,Erin,Keller,victorpeters@example.net,295-787-6146x044,7945 Cantrell Forks Apt. 344,,,Kimstad,51448,"-77.9554415,149.606730",2025-07-12 23:42:29+00,Asia/Ashgabat,/images/profiles/300d36a1-a3a6-4d24-ad79-1df21b0920ed.jpg,Non-Binary,Mandarin,None,None,1,2025-06-18 23:42:29+00,Google,1975-12-29
U76,174.1,174,5,3,Stephanie Stone,Stephanie,,Stone,jdaniel@example.com,+1-212-823-4228x6923,49766 Sharon Route Apt. 697,Suite 391,,Port Cheyenne,60563,"83.827165,-143.365359",2025-11-18 18:42:21+00,Indian/Maldives,/images/profiles/7f3d2120-9574-4795-a2af-5fd88a317421.jpg,Female,Spanish,French,None,4,2025-11-08 18:42:21+00,None,1996-02-22
U77,201.12,201,3,5,Brent Kimberly Mcintosh,Brent,Kimberly,Mcintosh,snyderbrianna@example.net,950.483.9366x42802,3034 Kristine Common,,,New Laurenhaven,32600,"39.5820285,-121.975201",2025-12-10 00:00:32+00,Europe/Sarajevo,/images/profiles/571dea91-15a5-4b0c-b81d-1899070f7e29.jpg,Prefer not to say,English,French,None,2,2025-11-27 00:00:32+00,Facebook,1985-06-30
U78,229.17,229,1,1,Denise Anderson,Denise,,Anderson,donna56@example.com,376-756-1190,10563 Carlos Mountains Suite 370,,,Ernestborough,24097,"-29.399199,-112.931889",2025-07-02 10:55:38+00,Pacific/Chatham,/images/profiles/d7472d9d-d199-4a19-9d77-5f38361a85c3.jpg,Non-Binary,English,None,None,2,2025-06-03 10:55:38+00,None,1993-07-11
U79,229.44,229,1,4,Angela Stephen Williams,Angela,Stephen,Williams,brittanylong@example.com,(719)641-3422x14683,12669 Jacqueline Gateway Apt. 644,,,South Helen,59112,"-5.704579,-62.277394",2025-11-21 13:58:34+00,Asia/Pyongyang,/images/profiles/4374a027-d7c5-49ae-b82f-14f8c5e4a023.jpg,Non-Binary,Mandarin,None,None,1,2025-10-29 13:58:34+00,Apple,2002-02-07
U80,219.52,219,3,3,Paul Snyder,Paul,,Snyder,mclaughlindarrell@example.org,349-206-6700x867,79414 Lisa Parks,Suite 601,,Jackfurt,62198,"43.918199,-166.693844",2026-03-28 20:03:20+00,Asia/Yerevan,/images/profiles/7f905c19-793d-49f6-b608-6341de7e1476.jpg,Male,French,None,None,4,2026-03-01 20:03:20+00,Apple,1982-09-13
U81,230.2,230,4,5,Allen Avila,Allen,,Avila,debbie96@example.org,(585)952-0668x8329,377 Margaret Fort,,,East Jeffreyhaven,71303,"27.1305975,-33.724083",2025-08-05 00:19:11+00,Atlantic/Madeira,/images/profiles/fbde7edb-dc34-4d30-a1fd-06d11f0a6a77.jpg,Male,Spanish,English,None,2,2025-07-08 00:19:11+00,Apple,1975-06-16
U82,219.19,219,2,3,Kevin Bailey,Kevin,,Bailey,sarahhughes@example.net,(640)636-3381x960,69500 Tracey Green Apt. 680,,,Kevinville,02884,"-17.260488,-107.816759",2025-11-29 03:55:31+00,Africa/Dar_es_Salaam,/images/profiles/8ae887a5-d142-4aff-92ea-472468f473d7.jpg,Non-Binary,Spanish,English,None,3,2025-11-20 03:55:31+00,Facebook,1980-05-21
U83,151.4,151,4,3,Susan Robert Lopez,Susan,Robert,Lopez,mary77@example.net,(853)975-0549x61811,8673 Philip Ramp,Suite 255,,East Lydia,55392,"75.3899225,113.830216",2025-09-10 16:17:47+00,Indian/Mauritius,/images/profiles/09a3c8c0-07ce-4769-bf75-34612e1dea2c.jpg,Prefer not to say,German,Spanish,None,3,2025-09-09 16:17:47+00,None,1999-10-31
U84,219.11,219,2,5,Samantha Patel,Samantha,,Patel,sorr@example.net,001-497-318-5073x142,2325 Austin Harbor,,,Masonmouth,80357,"21.175320,-92.228614",2025-10-28 16:05:56+00,Asia/Vientiane,/images/profiles/bc12117a-c02b-4bd0-94a8-d98208ad52f9.jpg,Non-Binary,French,None,None,4,2025-10-16 16:05:56+00,Facebook,2001-12-27
U85,232.3,232,2,5,Christopher Harper,Christopher,,Harper,melissa35@example.org,+1-711-450-4669x218,49554 Meyer Groves,,,South Keith,45919,"-22.5359855,64.319755",2025-07-03 23:35:20+00,Indian/Antananarivo,/images/profiles/36cc5624-79a1-4072-8a3c-8c13864ee195.jpg,Non-Binary,English,English,None,3,2025-06-13 23:35:20+00,None,1976-05-18
U86,201.9,201,3,3,Jennifer Patrick Peck,Jennifer,Patrick,Peck,tcastro@example.com,+1-645-399-5694x8183,8487 Amber Mission,,,Lake Vickieborough,51182,"30.333866,-118.381958",2025-04-23 13:00:53+00,America/Dominica,/images/profiles/3cd2e079-f355-4d7d-80c7-d2d7fcd35286.jpg,Prefer not to say,Mandarin,None,None,2,2025-04-18 13:00:53+00,None,1957-07-17
U87,177.8,177,3,5,Diana Sandra Foster,Diana,Sandra,Foster,douglas77@example.net,001-278-988-4104x487,934 Gilbert Camp Apt. 173,Apt. 641,,Emilyfort,25856,"81.4933505,176.768086",2025-10-22 01:39:07+00,Europe/Malta,/images/profiles/55cfd8fe-8a27-492d-a970-06868e2ae27e.jpg,Prefer not to say,German,French,None,3,2025-10-13 01:39:07+00,Apple,1985-06-05
U88,150.9,150,2,3,Timothy Kristin Ware,Timothy,Kristin,Ware,andrew57@example.org,001-661-772-9069x921,803 Dennis Estates,,,Port Gregoryview,23052,"61.1368455,120.318375",2025-06-08 01:24:28+00,Asia/Singapore,/images/profiles/1026deec-909b-4630-8c34-b654de21b4f1.jpg,Non-Binary,English,None,None,1,2025-05-15 01:24:28+00,Facebook,1962-03-17
U89,176.4,176,5,1,Nathan Padilla,Nathan,,Padilla,rsutton@example.net,5303131061,14442 Salas Drives,,,Bellberg,19653,"82.121418,-119.539948",2026-01-18 11:46:08+00,Africa/Conakry,/images/profiles/c47be0c9-7987-4df1-a2c1-d69f97227fea.jpg,Male,Spanish,None,None,3,2026-01-14 11:46:08+00,Facebook,1973-01-30
U90,75.4,75,5,2,Thomas Pamela Smith,Thomas,Pamela,Smith,richard32@example.net,001-255-919-5472,2413 David Square,,,Danielberg,33799,"25.461682,-163.359020",2026-03-07 21:28:29+00,Asia/Kuwait,/images/profiles/56ea14e6-41c9-4940-b62b-a5b1b071fb79.jpg,Male,Mandarin,English,None,4,2026-02-25 21:28:29+00,Facebook,1954-02-02
U91,149.4,149,2,5,Patrick Emma Reyes,Patrick,Emma,Reyes,smorgan@example.net,(766)266-5697x3669,652 Brown Center,,,Lake Karen,49904,"10.439168,-144.451018",2025-09-24 13:30:26+00,Pacific/Chatham,/images/profiles/7321b677-62ef-4bad-b840-81a1fe8b7e90.jpg,Non-Binary,English,None,None,1,2025-09-17 13:30:26+00,Facebook,1958-05-11
U92,37.5,37,4,5,Shirley Kenneth Cardenas,Shirley,Kenneth,Cardenas,srhodes@example.org,+1-419-222-5052x6792,297 Brown Run,Suite 407,,Lake Kevinmouth,04050,"-21.5124385,-77.702026",2026-03-06 09:02:54+00,Asia/Thimphu,/images/profiles/201e74cd-e666-4c3c-8320-5ee4787c1b54.jpg,Female,German,English,None,1,2026-03-04 09:02:54+00,Facebook,1967-06-05
U93,42.1,42,5,2,Briana Joshua Berg,Briana,Joshua,Berg,debbieking@example.com,(801)813-8103x935,62278 Mcknight Forge,,,Jonesmouth,48888,"2.601650,-99.049135",2026-02-16 06:53:22+00,Asia/Yerevan,/images/profiles/a87e521d-f156-4640-8619-f64acc11c9a9.jpg,Male,Spanish,French,None,3,2026-01-27 06:53:22+00,None,1974-06-09
U94,201.13,201,5,3,Christina Thomas,Christina,,Thomas,sancheztristan@example.net,326.910.3673,1803 Molly Villages,,,Sherryland,55382,"51.6787895,-129.793245",2025-08-29 19:03:09+00,America/Managua,/images/profiles/9e01fefb-6d50-4f5b-b254-ea0c7b6de8d2.jpg,Non-Binary,French,None,None,3,2025-08-12 19:03:09+00,None,1997-07-08
U95,245.9,245,5,2,Cheryl Lane,Cheryl,,Lane,waguilar@example.com,3195684237,7361 Sanchez Gateway Suite 767,,,Lake Kimberly,74753,"-57.329082,-114.577000",2025-09-17 14:50:52+00,Africa/Mbabane,/images/profiles/fe60a8d3-bc92-40c7-9097-69c48f9fbe12.jpg,Non-Binary,Spanish,Spanish,None,4,2025-08-31 14:50:52+00,Google,1947-11-03
U96,240.57,240,2,3,Ryan Carla Miller,Ryan,Carla,Miller,bishopandrew@example.com,(322)401-8663x9933,21412 Diane Knoll Suite 049,,,South Michaelmouth,48487,"-42.524562,170.474494",2025-11-21 14:15:51+00,Pacific/Efate,/images/profiles/224c43a7-4719-4aab-a1a8-88a101da767b.jpg,Non-Binary,Mandarin,English,None,1,2025-11-01 14:15:51+00,None,1967-04-11
U97,161.2,161,3,1,Anna Parrish,Anna,,Parrish,moranmichael@example.com,407.679.5155x488,250 Gregory Falls Suite 733,Apt. 805,,West Victoria,54769,"68.2044525,33.466601",2025-07-18 07:00:43+00,Africa/Libreville,/images/profiles/67c508dd-28b2-45ee-af8f-fc71ab965f15.jpg,Male,Spanish,None,None,3,2025-07-12 07:00:43+00,None,1957-06-09
U98,6.3,6,1,2,Elizabeth Lindsay Williamson,Elizabeth,Lindsay,Williamson,campbelltimothy@example.org,907-233-6624,3654 Johnson Manors,Suite 039,,Taylormouth,73872,"-65.927073,16.689191",2025-05-31 10:34:08+00,America/Montevideo,/images/profiles/ff3a0542-ca5c-4b26-b1c9-27000a56b595.jpg,Prefer not to say,Spanish,Spanish,None,3,2025-05-05 10:34:08+00,Apple,2007-10-30
U99,182.76,182,1,2,Danielle Thomas,Danielle,,Thomas,lyonsbrad@example.net,+1-358-501-6204x303,155 Hansen Greens Apt. 965,,,Crystalburgh,79235,"42.0656865,124.878220",2025-09-20 19:26:24+00,Europe/Warsaw,/images/profiles/471c8b90-47cc-467a-a4f0-017d587da1cb.jpg,Non-Binary,English,French,None,3,2025-09-08 19:26:24+00,Facebook,2003-05-07
U100,219.74,219,1,4,Patricia Monica Knapp,Patricia,Monica,Knapp,mary13@example.com,4258208652,654 Gray Squares Suite 448,,,West Colestad,31034,"9.1618605,-94.739097",2026-01-24 03:17:01+00,America/Lima,/images/profiles/99b3da40-f6b7-48dd-a290-ea094eb96a70.jpg,Male,French,None,None,4,2025-12-30 03:17:01+00,None,1994-07-23
