req_id,req_fname,req_lname,req_email,req_phone,req_age,req_gender,req_pref_lang
1,Elizabeth,Miller,courtneypadilla@example.com,+1-496-464-7222,27,Female,English
2,John,Mclean,romanrebecca@example.net,001-445-513-6529x9179,73,Female,Hindi
3,Charles,Schultz,brittany45@example.net,001-971-539-4366x0831,62,Other,English
4,Eric,Lucero,david54@example.net,950-368-4724x010,41,Female,French
5,Christina,Hunt,jennifernelson@example.org,001-742-741-1161x09572,57,Female,Hindi
6,James,Miller,hensleycindy@example.com,+1-814-977-2642x517,75,Female,English
7,Molly,Reed,seannunez@example.net,+1-484-554-6483,67,Other,Spanish
8,Cody,Mitchell,jsmith@example.com,001-846-609-3215x006,41,Other,French
9,Isaac,Howard,erin81@example.com,(911)711-8565x121,19,Female,French
10,Glenn,Taylor,webbmegan@example.net,871-323-4501,36,Other,Spanish
11,Bruce,Rodgers,moodystephanie@example.com,+1-273-926-7652,57,Female,English
12,Cassandra,Garner,dcastro@example.net,4013608623,31,Male,Spanish
13,Eric,Lee,gloria18@example.org,341.459.8463,41,Female,Hindi
14,Shawn,Adams,jasmine02@example.org,001-811-394-4327x76886,80,Other,French
15,Kelsey,Cooke,colemanmark@example.org,+1-643-760-4319x947,39,Other,French
16,Ryan,Cooke,taylorsilva@example.org,288.445.8441x515,53,Other,Hindi
17,Rebecca,Berger,allisongreen@example.net,+1-422-698-5919x125,67,Male,Hindi
18,Christine,Hines,cwalter@example.org,001-284-307-5446,64,Male,French
19,Rhonda,Navarro,smithjay@example.com,843-341-4895x6095,46,Other,French
20,Tracey,Moon,stevenriggs@example.net,001-560-779-3192x015,31,Male,Spanish
21,James,Morgan,esmith@example.net,(555)453-7014x3789,37,Male,Spanish
22,Judy,Estrada,ericsullivan@example.net,001-559-556-9093x4047,59,Male,English
23,Anthony,Wilson,santiagomaria@example.net,570-270-5719x8626,34,Male,French
24,Ryan,Fitzpatrick,timothy93@example.org,(414)865-0370,75,Male,English
25,Richard,Edwards,ratkinson@example.org,+1-528-245-1736x8487,40,Male,English
26,Robert,Hood,ambertaylor@example.org,9307777603,25,Other,English
27,Sarah,Brown,samuel20@example.org,974.835.9366x73185,63,Female,English
28,Stephen,Moore,ugarcia@example.net,(734)837-3827x0184,78,Male,English
29,Justin,Myers,rachel36@example.net,256.258.4762x5847,71,Other,French
30,Kristi,Ross,tpatterson@example.com,791.882.5397x357,61,Other,French
31,Robert,Wagner,donovanmark@example.net,001-628-749-5540x777,54,Other,French
32,Bobby,Huang,hgreen@example.com,819-512-0243,46,Female,Spanish
33,Tammy,Moore,ginamartin@example.com,+1-721-371-6318x927,68,Female,French
34,Patricia,Jackson,zwaters@example.com,605-375-6454x915,55,Female,Spanish
35,Chad,Walker,luke07@example.org,001-381-472-0905,58,Male,English
36,James,Stanley,joshuajenkins@example.org,001-828-449-5851x636,67,Female,Spanish
37,Dustin,Chen,alicefoster@example.com,754.795.9223,50,Female,French
38,Erik,Thomas,kelsey19@example.net,(369)887-8864x376,67,Male,French
39,Mitchell,Jackson,angela41@example.org,883.931.1511x2588,18,Other,French
40,Joel,Hill,alex47@example.com,001-790-560-9233x88512,68,Female,English
41,David,Eaton,nathanlewis@example.com,816-665-7834x171,69,Male,Hindi
42,Darren,Mullins,petermoore@example.net,779-795-3954x5119,76,Female,English
43,Lisa,Boone,michaelcarrillo@example.com,700-298-7054,54,Female,French
44,Megan,Melendez,vanessa48@example.org,(216)519-5757x465,37,Male,Hindi
45,Kimberly,Turner,ytucker@example.net,963-534-4360x00571,54,Female,Hindi
46,Brandon,Drake,adamsmadeline@example.net,(856)564-3481x26707,30,Female,English
47,Ashley,Martinez,kimwilliams@example.org,(837)855-7259x668,79,Other,French
48,Carolyn,Mejia,proctorlisa@example.net,001-665-418-7660,78,Female,Spanish
49,Daniel,Jackson,george65@example.net,2595519227,27,Other,Spanish
50,Justin,Hart,coleluke@example.org,9054592443,18,Male,French
51,Mason,Edwards,ehouston@example.net,448.382.7633,59,Other,Spanish
52,Joseph,Sexton,rojaschristopher@example.org,+1-613-456-7482x79927,74,Male,French
53,Antonio,Waters,daniel74@example.com,522-702-5208x0061,32,Other,Hindi
54,Katherine,Barajas,sward@example.com,8536824366,29,Other,Spanish
55,Mike,Brooks,rhanna@example.org,(398)308-8507x1335,48,Other,English
56,Alan,Rivera,anunez@example.net,860-919-4520x867,21,Male,Spanish
57,Devin,Smith,whiterandy@example.org,+1-970-431-8332x3447,22,Male,English
58,Martin,Campbell,arichardson@example.org,+1-324-954-3734x303,18,Female,Spanish
59,Barbara,Lowery,qperez@example.com,(482)527-3966,18,Male,French
60,Veronica,Huang,michael19@example.com,+1-719-339-7631,25,Male,Spanish
61,Thomas,Oneal,zmathis@example.net,307-590-1016x0625,44,Female,Spanish
62,Daniel,Diaz,bnorman@example.com,001-341-621-6618x33694,52,Female,Hindi
63,Brandon,Duarte,maria70@example.com,(477)250-1726x6265,77,Female,Spanish
64,Maria,Myers,tracy00@example.com,(961)286-7485x93738,71,Female,French
65,Donna,Yoder,kleintyler@example.org,601-444-3237x9941,79,Other,French
66,Rachel,Martin,bellbrad@example.com,759.485.1544x714,33,Other,Spanish
67,Lauren,Watson,jgordon@example.com,(478)838-7553,60,Male,Hindi
68,Donald,Bowen,calvin38@example.net,224-918-4975x254,29,Male,French
69,Lauren,Hicks,katherinerogers@example.com,640.924.1979,45,Male,English
70,Holly,Lewis,tuckerashley@example.net,3869851727,43,Male,French
71,Jennifer,Walker,lewischristopher@example.com,+1-609-815-7042x4799,34,Other,Spanish
72,Regina,Gordon,garciaelizabeth@example.org,298.389.3673x87861,76,Other,Spanish
73,Timothy,Adams,brittany01@example.org,467.850.4481x50982,64,Other,Hindi
74,Kathryn,Miller,evelynwright@example.org,868-713-8588x389,33,Female,English
75,Melody,Martinez,josephreynolds@example.org,+1-215-346-0011x868,80,Female,English
76,David,Ramirez,cynthia88@example.net,001-403-358-9443x22596,61,Other,English
77,Brittany,Gordon,claudiahebert@example.com,(528)753-9439x16616,73,Male,Hindi
78,Cindy,Joseph,sgraham@example.net,+1-285-827-5835x591,64,Female,French
79,Caleb,Brown,uortiz@example.com,(427)574-6112x32365,53,Male,Spanish
80,Anthony,Robinson,angelaknight@example.org,378.966.4689,35,Other,English
81,Donald,Schultz,christinecalderon@example.org,(352)280-4277x66056,23,Other,French
82,Randy,Austin,colealan@example.org,6697338069,71,Female,Spanish
83,Lynn,Lynch,johnlee@example.org,+1-525-621-1943x4436,68,Female,English
84,Matthew,Smith,whitemark@example.com,(303)263-4642,60,Other,Hindi
85,Frederick,King,oliverraymond@example.com,(460)241-3976,22,Other,Hindi
86,Jennifer,Rasmussen,huntermary@example.com,(381)599-2627x4740,58,Other,Spanish
87,Dustin,Fowler,chencathy@example.com,5842750653,74,Female,French
88,Robert,Munoz,rhondaerickson@example.com,+1-670-219-2802x093,29,Male,Hindi
89,Shelley,Payne,william98@example.org,+1-334-328-4325x12986,59,Male,Spanish
90,Keith,Martinez,carteralan@example.net,(967)223-3959,62,Other,Hindi
91,Robert,Scott,pjones@example.net,(325)943-5946x726,73,Male,French
92,Larry,Harrison,davidpearson@example.com,(772)216-9825x868,79,Other,Spanish
93,Carolyn,Delgado,peterfoster@example.net,809-321-2529x19945,64,Male,Hindi
94,Kathryn,Medina,edwardscalvin@example.com,950-761-8455x26889,76,Female,Spanish
95,Courtney,Durham,colliersamantha@example.org,741.228.9319x301,59,Female,Spanish
96,Desiree,Barnes,raymond09@example.org,001-902-317-9679x3799,79,Other,Spanish
97,Andrew,Pratt,gonzalezcraig@example.org,+1-537-908-2150,28,Male,Spanish
98,Jeffrey,Bartlett,alexanderjones@example.org,(984)486-1760x98505,33,Female,French
99,Kyle,Gonzalez,suzanne19@example.org,290.927.1260,55,Female,English
100,Susan,Gonzalez,poncelauren@example.com,493-865-7891x941,46,Female,Hindi
