user_id,terms_and_conditions,terms_accepted_at,govt_id_path,path_updated_at,skill_codes,availability,current_page,application_status,is_completed,created_at,last_updated_at
user_id_9031,True,2026-01-03 15:15:00,/uploads/3f63990e-a577-41f6-b841-136102f29323.pdf,2026-01-03 15:15:00,"[""cat_id_3532"", ""cat_id_1420"", ""cat_id_9786""]","{""weekdays"": ""evening""}",3,APPROVED,True,2026-01-03 15:15:00,2026-01-03 15:15:00
user_id_5397,True,2026-01-04 14:44:00,/uploads/f56e952f-ad27-461f-be53-d6659c96d440.pdf,2026-01-04 14:44:00,"[""cat_id_4510"", ""cat_id_6925"", ""cat_id_1096""]","{""weekdays"": ""morning""}",4,SUBMITTED,True,2026-01-04 14:44:00,2026-01-04 14:44:00
user_id_4475,True,2026-01-06 17:59:00,/uploads/effd8967-da1e-4466-9a88-41effb75c7b5.pdf,2026-01-06 17:59:00,"[""cat_id_7211"", ""cat_id_2983"", ""cat_id_3536""]","{""weekdays"": ""flexible""}",1,SUBMITTED,False,2026-01-06 17:59:00,2026-01-06 17:59:00
user_id_4937,True,2026-01-08 12:14:00,/uploads/da9e6842-b529-447f-a460-69abb22bb0e9.pdf,2026-01-08 12:14:00,"[""cat_id_7304"", ""cat_id_2137"", ""cat_id_5808""]","{""weekends"": ""full_day""}",5,SUBMITTED,False,2026-01-08 12:14:00,2026-01-08 12:14:00
user_id_8753,True,2026-01-10 17:58:00,/uploads/f0fee7c7-a6ee-4e56-b43d-714ca378df5a.pdf,2026-01-10 17:58:00,"[""cat_id_4728"", ""cat_id_1420"", ""cat_id_3085""]","{""weekdays"": ""flexible""}",2,IN_PROGRESS,True,2026-01-10 17:58:00,2026-01-10 17:58:00
user_id_9779,True,2026-01-10 16:33:00,/uploads/cfb867c2-c27d-4b17-8551-f5a868425f0e.pdf,2026-01-10 16:33:00,"[""cat_id_7211"", ""cat_id_2200"", ""cat_id_6977""]","{""weekdays"": [""mon"", ""wed""]}",1,DRAFT,True,2026-01-10 16:33:00,2026-01-10 16:33:00
user_id_5952,True,2026-01-11 17:09:00,/uploads/8f7f2974-8cff-4ec9-bd69-e71fa4b8b485.pdf,2026-01-11 17:09:00,"[""cat_id_4258"", ""cat_id_3579"", ""cat_id_6967""]","{""weekends"": ""full_day""}",1,IN_PROGRESS,False,2026-01-11 17:09:00,2026-01-11 17:09:00
user_id_8690,True,2026-01-08 17:28:00,/uploads/b49896b4-34fa-48c5-aee7-47e37255fd42.pdf,2026-01-08 17:28:00,"[""cat_id_6925"", ""cat_id_6442"", ""cat_id_2796""]","{""weekdays"": [""mon"", ""wed""]}",4,UNDER_REVIEW,True,2026-01-08 17:28:00,2026-01-08 17:28:00
user_id_1878,True,2026-01-13 16:43:00,/uploads/ca1f3eb7-2684-454a-803a-7a1b7c9116a8.pdf,2026-01-13 16:43:00,"[""cat_id_3536"", ""cat_id_1853"", ""cat_id_9279""]","{""weekends"": ""full_day""}",3,DRAFT,True,2026-01-13 16:43:00,2026-01-13 16:43:00
user_id_9561,True,2026-01-14 10:02:00,/uploads/4c63413f-ca04-4e39-b851-f22724486ede.pdf,2026-01-14 10:02:00,"[""cat_id_3442"", ""cat_id_4346"", ""cat_id_2375""]","{""weekdays"": ""morning""}",5,DRAFT,True,2026-01-14 10:02:00,2026-01-14 10:02:00
user_id_3573,True,2026-01-14 09:18:00,/uploads/25684a92-db2f-4442-ab46-31b4cd95540e.pdf,2026-01-14 09:18:00,"[""cat_id_5533"", ""cat_id_6038"", ""cat_id_2983""]","{""weekdays"": ""afternoon""}",4,SUBMITTED,False,2026-01-14 09:18:00,2026-01-14 09:18:00
user_id_8438,True,2026-01-15 15:24:00,/uploads/b28f10b6-84ef-4783-a80c-b97d4b9e47e7.pdf,2026-01-15 15:24:00,"[""cat_id_3803"", ""cat_id_6507"", ""cat_id_7883""]","{""weekdays"": [""mon"", ""wed""]}",2,SUBMITTED,True,2026-01-15 15:24:00,2026-01-15 15:24:00
user_id_5352,True,2026-01-14 17:25:00,/uploads/e98f8c5d-30ce-41f4-8987-c04b5c4091e0.pdf,2026-01-14 17:25:00,"[""cat_id_5920"", ""cat_id_2796"", ""cat_id_5051""]","{""weekdays"": ""afternoon""}",1,DRAFT,False,2026-01-14 17:25:00,2026-01-14 17:25:00
user_id_7594,True,2026-01-17 17:27:00,/uploads/4e193f7b-f5ce-4ae4-b0c8-6af9972c5a65.pdf,2026-01-17 17:27:00,"[""cat_id_3085"", ""cat_id_5956"", ""cat_id_1514""]","{""weekdays"": ""afternoon""}",4,SUBMITTED,True,2026-01-17 17:27:00,2026-01-17 17:27:00
user_id_1339,True,2026-01-17 12:59:00,/uploads/71d9145e-9100-4ae8-88bc-e184fdd9c277.pdf,2026-01-17 12:59:00,"[""cat_id_1853"", ""cat_id_2245"", ""cat_id_3287""]","{""weekdays"": ""morning""}",4,APPROVED,True,2026-01-17 12:59:00,2026-01-17 12:59:00
user_id_8700,True,2026-01-17 12:04:00,/uploads/1f0c9328-e5ad-4c53-a969-a95bb50637f7.pdf,2026-01-17 12:04:00,"[""cat_id_6168"", ""cat_id_7965"", ""cat_id_7924""]","{""weekends"": ""full_day""}",5,DRAFT,True,2026-01-17 12:04:00,2026-01-17 12:04:00
user_id_2442,True,2026-01-22 09:25:00,/uploads/72d62b7e-6edb-4a89-ac7a-e340150ca092.pdf,2026-01-22 09:25:00,"[""cat_id_4441"", ""cat_id_1514"", ""cat_id_5930""]","{""weekdays"": ""afternoon""}",1,IN_PROGRESS,False,2026-01-22 09:25:00,2026-01-22 09:25:00
user_id_9167,True,2026-01-19 14:36:00,/uploads/34411e5b-ce77-4235-9bcd-c9e4d4d4f1ba.pdf,2026-01-19 14:36:00,"[""cat_id_7965"", ""cat_id_2983"", ""cat_id_4613""]","{""weekdays"": ""evening""}",2,SUBMITTED,True,2026-01-19 14:36:00,2026-01-19 14:36:00
user_id_3594,True,2026-01-24 17:14:00,/uploads/e4af72cd-5b9d-4543-934e-90bacf9e9a74.pdf,2026-01-24 17:14:00,"[""cat_id_5533"", ""cat_id_5673"", ""cat_id_2235""]","{""weekdays"": ""morning""}",5,APPROVED,True,2026-01-24 17:14:00,2026-01-24 17:14:00
user_id_5781,True,2026-01-25 15:35:00,/uploads/fc95caee-ee97-41ae-a71f-0288392b4bd4.pdf,2026-01-25 15:35:00,"[""cat_id_1626"", ""cat_id_8527"", ""cat_id_4346""]","{""weekdays"": ""flexible""}",4,APPROVED,False,2026-01-25 15:35:00,2026-01-25 15:35:00
user_id_7798,True,2026-01-26 15:26:00,/uploads/10306755-a595-4482-b1e2-8d8546fb6f3a.pdf,2026-01-26 15:26:00,"[""cat_id_5808"", ""cat_id_5673"", ""cat_id_5956""]","{""weekdays"": ""afternoon""}",5,UNDER_REVIEW,True,2026-01-26 15:26:00,2026-01-26 15:26:00
user_id_9903,True,2026-01-23 13:54:00,/uploads/198005c0-e7bd-42f5-b07c-8b272eb61301.pdf,2026-01-23 13:54:00,"[""cat_id_7211"", ""cat_id_2876"", ""cat_id_7267""]","{""weekdays"": ""morning""}",5,UNDER_REVIEW,False,2026-01-23 13:54:00,2026-01-23 13:54:00
user_id_7246,True,2026-01-27 17:08:00,/uploads/0bec4bc6-6784-4175-bb6c-c441a9a44860.pdf,2026-01-27 17:08:00,"[""cat_id_2697"", ""cat_id_8749"", ""cat_id_7939""]","{""weekdays"": ""afternoon""}",3,DRAFT,False,2026-01-27 17:08:00,2026-01-27 17:08:00
user_id_3361,True,2026-01-26 10:34:00,/uploads/50066908-9580-435a-8724-b374111c4246.pdf,2026-01-26 10:34:00,"[""cat_id_1853"", ""cat_id_2133"", ""cat_id_8527""]","{""weekdays"": ""evening""}",4,APPROVED,True,2026-01-26 10:34:00,2026-01-26 10:34:00
user_id_9742,True,2026-01-25 12:51:00,/uploads/65b64466-9236-4c86-b365-1b8eaf066a2c.pdf,2026-01-25 12:51:00,"[""cat_id_2245"", ""cat_id_9099"", ""cat_id_1853""]","{""weekdays"": ""flexible""}",5,IN_PROGRESS,False,2026-01-25 12:51:00,2026-01-25 12:51:00
user_id_2480,True,2026-01-27 14:19:00,/uploads/f87646a0-0ac0-4a6e-aaf0-9e6634de9ed3.pdf,2026-01-27 14:19:00,"[""cat_id_2424"", ""cat_id_8397"", ""cat_id_2133""]","{""weekdays"": ""flexible""}",1,UNDER_REVIEW,True,2026-01-27 14:19:00,2026-01-27 14:19:00
user_id_7141,True,2026-02-01 12:25:00,/uploads/9fd74099-3acb-410a-bef6-ec4e283e7457.pdf,2026-02-01 12:25:00,"[""cat_id_4510"", ""cat_id_8043"", ""cat_id_3579""]","{""weekdays"": ""evening""}",4,UNDER_REVIEW,False,2026-02-01 12:25:00,2026-02-01 12:25:00
user_id_4945,True,2026-01-30 13:23:00,/uploads/355f7a10-52c3-4e8a-9c50-4af043ca6851.pdf,2026-01-30 13:23:00,"[""cat_id_1727"", ""cat_id_1626"", ""cat_id_7267""]","{""weekdays"": ""morning""}",4,SUBMITTED,True,2026-01-30 13:23:00,2026-01-30 13:23:00
user_id_8237,True,2026-01-31 14:26:00,/uploads/68773ac6-247d-4112-91e9-09fb31a765f1.pdf,2026-01-31 14:26:00,"[""cat_id_7224"", ""cat_id_9445"", ""cat_id_4608""]","{""weekdays"": ""flexible""}",2,DRAFT,False,2026-01-31 14:26:00,2026-01-31 14:26:00
user_id_7248,True,2026-02-03 15:18:00,/uploads/2c3382fa-2bec-4e13-9cf0-59448a464bdb.pdf,2026-02-03 15:18:00,"[""cat_id_5808"", ""cat_id_5342"", ""cat_id_4853""]","{""weekdays"": ""afternoon""}",4,APPROVED,True,2026-02-03 15:18:00,2026-02-03 15:18:00
user_id_9138,True,2026-02-03 17:41:00,/uploads/8334146a-a5e8-431a-8d3d-c8a548545357.pdf,2026-02-03 17:41:00,"[""cat_id_6507"", ""cat_id_2343"", ""cat_id_7939""]","{""weekends"": ""full_day""}",4,UNDER_REVIEW,True,2026-02-03 17:41:00,2026-02-03 17:41:00
user_id_3240,True,2026-02-06 14:10:00,/uploads/f7abc4c7-ba13-4ab8-929f-dfa960aa2416.pdf,2026-02-06 14:10:00,"[""cat_id_7304"", ""cat_id_1853"", ""cat_id_5930""]","{""weekends"": ""full_day""}",2,APPROVED,True,2026-02-06 14:10:00,2026-02-06 14:10:00
user_id_3165,True,2026-02-06 09:53:00,/uploads/5521819a-6f4b-4060-85f1-abe285c9c0d0.pdf,2026-02-06 09:53:00,"[""cat_id_6977"", ""cat_id_1096"", ""cat_id_8527""]","{""weekdays"": ""morning""}",4,IN_PROGRESS,True,2026-02-06 09:53:00,2026-02-06 09:53:00
user_id_2233,True,2026-02-03 11:00:00,/uploads/78b51d8d-f60a-40ff-bb66-5f3da4ba5498.pdf,2026-02-03 11:00:00,"[""cat_id_8397"", ""cat_id_8149"", ""cat_id_6442""]","{""weekdays"": ""evening""}",1,APPROVED,False,2026-02-03 11:00:00,2026-02-03 11:00:00
user_id_5295,True,2026-02-09 16:01:00,/uploads/9d5ebb7d-294f-468a-9848-1777a419efe3.pdf,2026-02-09 16:01:00,"[""cat_id_1409"", ""cat_id_3085"", ""cat_id_8043""]","{""weekends"": ""full_day""}",1,DRAFT,False,2026-02-09 16:01:00,2026-02-09 16:01:00
user_id_8606,True,2026-02-09 13:01:00,/uploads/8dc75f7f-f1fd-43d8-ba41-f1e6e5d7f508.pdf,2026-02-09 13:01:00,"[""cat_id_8149"", ""cat_id_2375"", ""cat_id_4613""]","{""weekends"": ""full_day""}",2,DRAFT,True,2026-02-09 13:01:00,2026-02-09 13:01:00
user_id_8432,True,2026-02-10 11:15:00,/uploads/7ad957cd-7861-406d-97b0-a253d7ab7f74.pdf,2026-02-10 11:15:00,"[""cat_id_2133"", ""cat_id_8305"", ""cat_id_5920""]","{""weekdays"": ""evening""}",3,SUBMITTED,False,2026-02-10 11:15:00,2026-02-10 11:15:00
user_id_5583,True,2026-02-07 14:25:00,/uploads/1c8bd8ba-9578-4792-9e9b-b59fd35e7e8f.pdf,2026-02-07 14:25:00,"[""cat_id_6442"", ""cat_id_9445"", ""cat_id_8749""]","{""weekdays"": ""flexible""}",2,SUBMITTED,True,2026-02-07 14:25:00,2026-02-07 14:25:00
user_id_7523,True,2026-02-13 09:05:00,/uploads/ca2acb96-52e2-440e-9bf3-5ef213e26f69.pdf,2026-02-13 09:05:00,"[""cat_id_9280"", ""cat_id_5956"", ""cat_id_8043""]","{""weekends"": ""full_day""}",1,DRAFT,True,2026-02-13 09:05:00,2026-02-13 09:05:00
user_id_2124,True,2026-02-09 16:54:00,/uploads/e06f728b-7572-4b18-b39e-2ed2fbb3de96.pdf,2026-02-09 16:54:00,"[""cat_id_8041"", ""cat_id_3471"", ""cat_id_4853""]","{""weekdays"": [""mon"", ""wed""]}",1,APPROVED,True,2026-02-09 16:54:00,2026-02-09 16:54:00
user_id_3858,True,2026-02-11 12:57:00,/uploads/6934003b-0aa0-459d-8473-b2ba22a2e1d4.pdf,2026-02-11 12:57:00,"[""cat_id_3091"", ""cat_id_9445"", ""cat_id_4728""]","{""weekdays"": ""evening""}",1,DRAFT,False,2026-02-11 12:57:00,2026-02-11 12:57:00
user_id_9619,True,2026-02-15 09:11:00,/uploads/9a00a1ed-b6b0-4366-997a-fa87bf567ff2.pdf,2026-02-15 09:11:00,"[""cat_id_1998"", ""cat_id_9279"", ""cat_id_6107""]","{""weekdays"": [""mon"", ""wed""]}",2,UNDER_REVIEW,True,2026-02-15 09:11:00,2026-02-15 09:11:00
user_id_8504,True,2026-02-14 11:36:00,/uploads/1c7b63c3-f05b-446d-8f9a-1aff192cf42a.pdf,2026-02-14 11:36:00,"[""cat_id_4510"", ""cat_id_9445"", ""cat_id_2697""]","{""weekdays"": ""flexible""}",5,SUBMITTED,False,2026-02-14 11:36:00,2026-02-14 11:36:00
user_id_3067,True,2026-02-18 11:50:00,/uploads/8fc19267-9ed1-4c0a-b3f3-b191855a1930.pdf,2026-02-18 11:50:00,"[""cat_id_3091"", ""cat_id_1853"", ""cat_id_3803""]","{""weekdays"": [""mon"", ""wed""]}",3,DRAFT,True,2026-02-18 11:50:00,2026-02-18 11:50:00
user_id_2874,True,2026-02-17 12:53:00,/uploads/fd32b2be-34bf-4677-b936-c2689dfe59b0.pdf,2026-02-17 12:53:00,"[""cat_id_6977"", ""cat_id_2343"", ""cat_id_5082""]","{""weekdays"": [""mon"", ""wed""]}",5,UNDER_REVIEW,False,2026-02-17 12:53:00,2026-02-17 12:53:00
user_id_5176,True,2026-02-15 13:50:00,/uploads/ef66e3ea-ece9-414a-b9a0-c6cdc1f8f695.pdf,2026-02-15 13:50:00,"[""cat_id_3532"", ""cat_id_6425"", ""cat_id_1514""]","{""weekdays"": ""evening""}",5,UNDER_REVIEW,False,2026-02-15 13:50:00,2026-02-15 13:50:00
user_id_1982,True,2026-02-17 15:05:00,/uploads/58f1731f-5e77-41bd-a295-b22a72c2ed29.pdf,2026-02-17 15:05:00,"[""cat_id_2983"", ""cat_id_8305"", ""cat_id_1960""]","{""weekdays"": ""afternoon""}",1,DRAFT,False,2026-02-17 15:05:00,2026-02-17 15:05:00
user_id_9313,True,2026-02-18 15:45:00,/uploads/c930486f-0deb-46b5-aa66-0c43b179817d.pdf,2026-02-18 15:45:00,"[""cat_id_5681"", ""cat_id_5808"", ""cat_id_2874""]","{""weekends"": ""full_day""}",3,SUBMITTED,True,2026-02-18 15:45:00,2026-02-18 15:45:00
user_id_1430,True,2026-02-18 09:19:00,/uploads/dc366620-6f8b-4772-96a1-b7d989ffe103.pdf,2026-02-18 09:19:00,"[""cat_id_4441"", ""cat_id_2200"", ""cat_id_2245""]","{""weekdays"": ""evening""}",1,IN_PROGRESS,True,2026-02-18 09:19:00,2026-02-18 09:19:00
user_id_1502,True,2026-02-20 15:28:00,/uploads/3613d5df-3e3a-43c0-b9f5-4b9fbb3e3137.pdf,2026-02-20 15:28:00,"[""cat_id_4501"", ""cat_id_1727"", ""cat_id_5533""]","{""weekdays"": ""morning""}",1,DRAFT,False,2026-02-20 15:28:00,2026-02-20 15:28:00
user_id_3579,True,2026-02-24 10:38:00,/uploads/36ac31d9-70ad-46f3-8626-e720b2d884de.pdf,2026-02-24 10:38:00,"[""cat_id_7965"", ""cat_id_3579"", ""cat_id_2697""]","{""weekdays"": ""morning""}",3,UNDER_REVIEW,False,2026-02-24 10:38:00,2026-02-24 10:38:00
user_id_8043,True,2026-02-21 17:57:00,/uploads/c3b9f990-8c14-4a37-96d1-aaa12d115ae1.pdf,2026-02-21 17:57:00,"[""cat_id_8749"", ""cat_id_6085"", ""cat_id_6967""]","{""weekdays"": ""afternoon""}",4,IN_PROGRESS,True,2026-02-21 17:57:00,2026-02-21 17:57:00
user_id_4460,True,2026-02-24 13:17:00,/uploads/6238bc8d-2d3c-4329-95fc-a5b8c24a425e.pdf,2026-02-24 13:17:00,"[""cat_id_1626"", ""cat_id_2876"", ""cat_id_5741""]","{""weekdays"": ""afternoon""}",4,SUBMITTED,False,2026-02-24 13:17:00,2026-02-24 13:17:00
user_id_6802,True,2026-02-25 16:50:00,/uploads/7c6b8560-cd36-448e-87d5-a9ea5755f60e.pdf,2026-02-25 16:50:00,"[""cat_id_6977"", ""cat_id_2200"", ""cat_id_7939""]","{""weekdays"": ""afternoon""}",4,APPROVED,True,2026-02-25 16:50:00,2026-02-25 16:50:00
user_id_7843,True,2026-02-27 10:08:00,/uploads/7d097ecf-4310-4053-90db-46ac7e4ad9ec.pdf,2026-02-27 10:08:00,"[""cat_id_5673"", ""cat_id_1409"", ""cat_id_5462""]","{""weekdays"": ""evening""}",5,UNDER_REVIEW,False,2026-02-27 10:08:00,2026-02-27 10:08:00
user_id_7560,True,2026-02-28 14:27:00,/uploads/e8f03662-8cd5-42c9-9973-28447d1d3b75.pdf,2026-02-28 14:27:00,"[""cat_id_7797"", ""cat_id_7965"", ""cat_id_7304""]","{""weekdays"": ""evening""}",3,APPROVED,True,2026-02-28 14:27:00,2026-02-28 14:27:00
user_id_6724,True,2026-03-01 14:11:00,/uploads/817d3f30-1262-4610-a5d3-a75ec0960b12.pdf,2026-03-01 14:11:00,"[""cat_id_5462"", ""cat_id_1998"", ""cat_id_1960""]","{""weekdays"": ""flexible""}",4,APPROVED,True,2026-03-01 14:11:00,2026-03-01 14:11:00
user_id_8354,True,2026-03-01 15:17:00,/uploads/67fe46ab-651f-4f76-9d54-4dc77656bbda.pdf,2026-03-01 15:17:00,"[""cat_id_5462"", ""cat_id_2200"", ""cat_id_3287""]","{""weekdays"": [""mon"", ""wed""]}",2,APPROVED,True,2026-03-01 15:17:00,2026-03-01 15:17:00
user_id_6085,True,2026-03-05 17:01:00,/uploads/97853089-3c71-4478-9732-e784c19dfa28.pdf,2026-03-05 17:01:00,"[""cat_id_5051"", ""cat_id_7267"", ""cat_id_7211""]","{""weekdays"": ""afternoon""}",4,SUBMITTED,True,2026-03-05 17:01:00,2026-03-05 17:01:00
user_id_1672,True,2026-03-04 16:08:00,/uploads/fa1971a4-6372-4560-bc2b-a6dfdc716bc6.pdf,2026-03-04 16:08:00,"[""cat_id_5681"", ""cat_id_5673"", ""cat_id_4510""]","{""weekdays"": ""evening""}",2,UNDER_REVIEW,False,2026-03-04 16:08:00,2026-03-04 16:08:00
user_id_9266,True,2026-03-02 16:38:00,/uploads/cd778006-1026-44bf-9587-8ea499496840.pdf,2026-03-02 16:38:00,"[""cat_id_2137"", ""cat_id_2193"", ""cat_id_9280""]","{""weekdays"": [""mon"", ""wed""]}",5,UNDER_REVIEW,True,2026-03-02 16:38:00,2026-03-02 16:38:00
user_id_6543,True,2026-03-05 17:38:00,/uploads/f02d97c5-a824-46ae-a25d-112ed7111ceb.pdf,2026-03-05 17:38:00,"[""cat_id_5681"", ""cat_id_3803"", ""cat_id_4483""]","{""weekdays"": ""afternoon""}",3,IN_PROGRESS,True,2026-03-05 17:38:00,2026-03-05 17:38:00
user_id_3463,True,2026-03-08 15:48:00,/uploads/ebc8d989-268a-4ffb-ae8d-25583eb735f3.pdf,2026-03-08 15:48:00,"[""cat_id_4853"", ""cat_id_8041"", ""cat_id_4483""]","{""weekdays"": ""morning""}",1,SUBMITTED,True,2026-03-08 15:48:00,2026-03-08 15:48:00
user_id_7171,True,2026-03-09 17:35:00,/uploads/d4ff0626-2bb9-4e92-b771-eef97ee21e39.pdf,2026-03-09 17:35:00,"[""cat_id_2193"", ""cat_id_3091"", ""cat_id_6085""]","{""weekdays"": ""afternoon""}",4,SUBMITTED,False,2026-03-09 17:35:00,2026-03-09 17:35:00
user_id_8967,True,2026-03-09 17:09:00,/uploads/b57db3dc-45b5-4ee3-838c-2b8894fde100.pdf,2026-03-09 17:09:00,"[""cat_id_4346"", ""cat_id_7873"", ""cat_id_2137""]","{""weekdays"": ""morning""}",3,UNDER_REVIEW,True,2026-03-09 17:09:00,2026-03-09 17:09:00
user_id_7172,True,2026-03-07 11:22:00,/uploads/314ba403-7012-40c3-b019-633510ecfae0.pdf,2026-03-07 11:22:00,"[""cat_id_3536"", ""cat_id_2343"", ""cat_id_6442""]","{""weekdays"": ""afternoon""}",5,UNDER_REVIEW,False,2026-03-07 11:22:00,2026-03-07 11:22:00
user_id_4918,True,2026-03-11 10:28:00,/uploads/f1501ae3-fddb-4eed-a48e-a63c77707f31.pdf,2026-03-11 10:28:00,"[""cat_id_1853"", ""cat_id_2375"", ""cat_id_3532""]","{""weekdays"": ""evening""}",1,SUBMITTED,True,2026-03-11 10:28:00,2026-03-11 10:28:00
user_id_5096,True,2026-03-14 10:01:00,/uploads/4a08ef75-27cb-40e1-9f2a-2a8f71d38322.pdf,2026-03-14 10:01:00,"[""cat_id_2343"", ""cat_id_3471"", ""cat_id_4483""]","{""weekdays"": ""flexible""}",2,IN_PROGRESS,True,2026-03-14 10:01:00,2026-03-14 10:01:00
user_id_9410,True,2026-03-14 11:21:00,/uploads/d44e2ab6-e1e1-4956-823c-8ba8bbb4eab8.pdf,2026-03-14 11:21:00,"[""cat_id_4501"", ""cat_id_3442"", ""cat_id_7267""]","{""weekdays"": ""afternoon""}",4,IN_PROGRESS,True,2026-03-14 11:21:00,2026-03-14 11:21:00
user_id_2337,True,2026-03-16 15:25:00,/uploads/1f1b8ce0-3e99-411c-a559-7d47025b4931.pdf,2026-03-16 15:25:00,"[""cat_id_7873"", ""cat_id_2874"", ""cat_id_8251""]","{""weekdays"": ""afternoon""}",4,APPROVED,False,2026-03-16 15:25:00,2026-03-16 15:25:00
user_id_3273,True,2026-03-15 09:45:00,/uploads/752f2ebd-626f-47b1-87e9-6877b7673431.pdf,2026-03-15 09:45:00,"[""cat_id_8397"", ""cat_id_6107"", ""cat_id_2235""]","{""weekdays"": ""flexible""}",1,APPROVED,True,2026-03-15 09:45:00,2026-03-15 09:45:00
user_id_5720,True,2026-03-17 11:23:00,/uploads/92e9e4bd-41b6-4032-93ef-f4eec7115c39.pdf,2026-03-17 11:23:00,"[""cat_id_3579"", ""cat_id_5342"", ""cat_id_6442""]","{""weekdays"": ""morning""}",3,UNDER_REVIEW,False,2026-03-17 11:23:00,2026-03-17 11:23:00
user_id_1269,True,2026-03-18 15:39:00,/uploads/3cf1b447-fd61-4d1f-b3e9-b7e6d1151092.pdf,2026-03-18 15:39:00,"[""cat_id_5462"", ""cat_id_9099"", ""cat_id_3287""]","{""weekdays"": ""evening""}",3,UNDER_REVIEW,True,2026-03-18 15:39:00,2026-03-18 15:39:00
user_id_2108,True,2026-03-20 13:58:00,/uploads/41010df4-b441-4852-9751-29717ed9966f.pdf,2026-03-20 13:58:00,"[""cat_id_8251"", ""cat_id_9099"", ""cat_id_3803""]","{""weekdays"": ""flexible""}",2,SUBMITTED,True,2026-03-20 13:58:00,2026-03-20 13:58:00
user_id_6447,True,2026-03-17 13:07:00,/uploads/c1e444dc-7ea5-4795-a753-0c06e555c487.pdf,2026-03-17 13:07:00,"[""cat_id_6038"", ""cat_id_2127"", ""cat_id_3091""]","{""weekdays"": ""afternoon""}",5,UNDER_REVIEW,False,2026-03-17 13:07:00,2026-03-17 13:07:00
user_id_8498,True,2026-03-21 11:36:00,/uploads/859d5a23-83b3-41bf-8111-e24c04308068.pdf,2026-03-21 11:36:00,"[""cat_id_2697"", ""cat_id_3442"", ""cat_id_6038""]","{""weekends"": ""full_day""}",5,IN_PROGRESS,True,2026-03-21 11:36:00,2026-03-21 11:36:00
user_id_5687,True,2026-03-21 13:08:00,/uploads/85adf42c-914f-4c1c-b201-4e6b37e9b376.pdf,2026-03-21 13:08:00,"[""cat_id_6038"", ""cat_id_1998"", ""cat_id_3532""]","{""weekdays"": [""mon"", ""wed""]}",1,SUBMITTED,True,2026-03-21 13:08:00,2026-03-21 13:08:00
user_id_9151,True,2026-03-22 11:12:00,/uploads/1865aae0-a3b0-41d0-b53c-a5f65b331329.pdf,2026-03-22 11:12:00,"[""cat_id_2697"", ""cat_id_4501"", ""cat_id_8149""]","{""weekdays"": ""flexible""}",4,UNDER_REVIEW,False,2026-03-22 11:12:00,2026-03-22 11:12:00
user_id_5843,True,2026-03-23 16:31:00,/uploads/dc15d062-7db1-43c4-babc-4b8a13cdc2f5.pdf,2026-03-23 16:31:00,"[""cat_id_4258"", ""cat_id_3803"", ""cat_id_9445""]","{""weekdays"": ""morning""}",2,SUBMITTED,True,2026-03-23 16:31:00,2026-03-23 16:31:00
user_id_5498,True,2026-03-23 12:34:00,/uploads/80385a3a-6f12-48df-9b8e-4b25bb6a6e56.pdf,2026-03-23 12:34:00,"[""cat_id_2528"", ""cat_id_4258"", ""cat_id_2129""]","{""weekends"": ""full_day""}",5,UNDER_REVIEW,True,2026-03-23 12:34:00,2026-03-23 12:34:00
user_id_8179,True,2026-03-26 10:17:00,/uploads/f321a22a-29c9-43ed-bc42-b5ccfda3a61f.pdf,2026-03-26 10:17:00,"[""cat_id_2129"", ""cat_id_5930"", ""cat_id_2200""]","{""weekdays"": [""mon"", ""wed""]}",1,UNDER_REVIEW,True,2026-03-26 10:17:00,2026-03-26 10:17:00
user_id_2259,True,2026-03-26 10:47:00,/uploads/d591e01b-78a2-4d47-bfe3-4954ce73028b.pdf,2026-03-26 10:47:00,"[""cat_id_7797"", ""cat_id_1420"", ""cat_id_8749""]","{""weekdays"": ""evening""}",1,UNDER_REVIEW,False,2026-03-26 10:47:00,2026-03-26 10:47:00
user_id_2929,True,2026-03-26 10:28:00,/uploads/d44ee5f1-b1c8-43fc-87a0-68b3649e57a9.pdf,2026-03-26 10:28:00,"[""cat_id_7543"", ""cat_id_2129"", ""cat_id_4510""]","{""weekdays"": ""afternoon""}",5,SUBMITTED,False,2026-03-26 10:28:00,2026-03-26 10:28:00
user_id_8292,True,2026-03-26 11:50:00,/uploads/e5e0cfaa-f098-409e-b295-02696e8379b7.pdf,2026-03-26 11:50:00,"[""cat_id_6107"", ""cat_id_6925"", ""cat_id_9445""]","{""weekdays"": ""evening""}",5,SUBMITTED,True,2026-03-26 11:50:00,2026-03-26 11:50:00
user_id_3852,True,2026-03-28 13:18:00,/uploads/780346b5-6967-4816-8a24-33078e9d5be1.pdf,2026-03-28 13:18:00,"[""cat_id_6085"", ""cat_id_9786"", ""cat_id_1727""]","{""weekdays"": ""flexible""}",1,IN_PROGRESS,False,2026-03-28 13:18:00,2026-03-28 13:18:00
user_id_3126,True,2026-03-27 13:55:00,/uploads/863a58f0-23b5-4cd5-af89-77568759ee56.pdf,2026-03-27 13:55:00,"[""cat_id_7797"", ""cat_id_2796"", ""cat_id_2375""]","{""weekdays"": ""afternoon""}",2,IN_PROGRESS,False,2026-03-27 13:55:00,2026-03-27 13:55:00
user_id_9476,True,2026-03-29 15:31:00,/uploads/76fe9068-e993-42bb-b912-7b8dc4aef031.pdf,2026-03-29 15:31:00,"[""cat_id_2876"", ""cat_id_6085"", ""cat_id_5543""]","{""weekdays"": ""evening""}",4,UNDER_REVIEW,False,2026-03-29 15:31:00,2026-03-29 15:31:00
user_id_6286,True,2026-03-29 10:25:00,/uploads/d503f16c-13c1-459d-bb88-72314b104a24.pdf,2026-03-29 10:25:00,"[""cat_id_1727"", ""cat_id_3749"", ""cat_id_2235""]","{""weekdays"": ""flexible""}",3,UNDER_REVIEW,False,2026-03-29 10:25:00,2026-03-29 10:25:00
user_id_9234,True,2026-04-01 09:55:00,/uploads/6c772af6-6e4b-4c30-86ac-9b7011b49f61.pdf,2026-04-01 09:55:00,"[""cat_id_2129"", ""cat_id_5051"", ""cat_id_4598""]","{""weekdays"": ""flexible""}",4,SUBMITTED,True,2026-04-01 09:55:00,2026-04-01 09:55:00
user_id_5336,True,2026-04-04 15:13:00,/uploads/bc652ebb-2911-4c43-9b2b-3465a8ac71fa.pdf,2026-04-04 15:13:00,"[""cat_id_3442"", ""cat_id_8397"", ""cat_id_1626""]","{""weekdays"": ""evening""}",3,SUBMITTED,False,2026-04-04 15:13:00,2026-04-04 15:13:00
user_id_8430,True,2026-04-05 11:36:00,/uploads/51c308f4-7af4-480c-bebc-8bbfaa240740.pdf,2026-04-05 11:36:00,"[""cat_id_6425"", ""cat_id_2343"", ""cat_id_6507""]","{""weekdays"": ""morning""}",1,DRAFT,False,2026-04-05 11:36:00,2026-04-05 11:36:00
user_id_6658,True,2026-04-02 10:59:00,/uploads/ec8be9b1-221b-46fe-b0cf-3eb1e84480d0.pdf,2026-04-02 10:59:00,"[""cat_id_9201"", ""cat_id_4441"", ""cat_id_6442""]","{""weekdays"": ""morning""}",4,IN_PROGRESS,True,2026-04-02 10:59:00,2026-04-02 10:59:00
user_id_7293,True,2026-04-08 13:10:00,/uploads/9070d372-dd6a-419f-b02d-17d50a15eec6.pdf,2026-04-08 13:10:00,"[""cat_id_2235"", ""cat_id_4598"", ""cat_id_7797""]","{""weekdays"": ""evening""}",3,DRAFT,False,2026-04-08 13:10:00,2026-04-08 13:10:00
user_id_1379,True,2026-04-09 11:03:00,/uploads/533005cb-49b9-4d93-bbe6-a44ff20fd5c2.pdf,2026-04-09 11:03:00,"[""cat_id_5462"", ""cat_id_5543"", ""cat_id_3536""]","{""weekdays"": ""flexible""}",2,UNDER_REVIEW,True,2026-04-09 11:03:00,2026-04-09 11:03:00
user_id_5681,True,2026-04-10 10:00:00,/uploads/411d9a10-a2ab-4fdd-a3d1-ae246d0eb48e.pdf,2026-04-10 10:00:00,"[""cat_id_8397"", ""cat_id_2137"", ""cat_id_6977""]","{""weekdays"": ""afternoon""}",5,IN_PROGRESS,False,2026-04-10 10:00:00,2026-04-10 10:00:00
user_id_5728,True,2026-04-06 09:44:00,/uploads/54f67f1d-5714-4101-bbc6-122c3c5d5352.pdf,2026-04-06 09:44:00,"[""cat_id_2343"", ""cat_id_7543"", ""cat_id_3442""]","{""weekdays"": ""flexible""}",2,UNDER_REVIEW,True,2026-04-06 09:44:00,2026-04-06 09:44:00
user_id_3363,True,2026-04-08 15:05:00,/uploads/5193a721-80b8-4dd5-b08f-96678990d9cf.pdf,2026-04-08 15:05:00,"[""cat_id_5051"", ""cat_id_4483"", ""cat_id_1998""]","{""weekdays"": ""evening""}",3,IN_PROGRESS,False,2026-04-08 15:05:00,2026-04-08 15:05:00
user_id_9446,True,2026-04-09 11:04:00,/uploads/103a3caf-df22-4033-adf6-63ce9ad7746e.pdf,2026-04-09 11:04:00,"[""cat_id_5920"", ""cat_id_9445"", ""cat_id_2424""]","{""weekdays"": [""mon"", ""wed""]}",2,UNDER_REVIEW,False,2026-04-09 11:04:00,2026-04-09 11:04:00
user_id_5911,True,2026-04-14 12:40:00,/uploads/44491b3c-9996-4d10-8ddc-19e5c11b705d.pdf,2026-04-14 12:40:00,"[""cat_id_3749"", ""cat_id_5808"", ""cat_id_5533""]","{""weekdays"": [""mon"", ""wed""]}",4,IN_PROGRESS,True,2026-04-14 12:40:00,2026-04-14 12:40:00
user_id_4728,True,2026-04-10 11:48:00,/uploads/6ed169fb-3be0-4b2f-b3ba-d88443931862.pdf,2026-04-10 11:48:00,"[""cat_id_7543"", ""cat_id_9099"", ""cat_id_5051""]","{""weekends"": ""full_day""}",3,UNDER_REVIEW,False,2026-04-10 11:48:00,2026-04-10 11:48:00
