"user_id","state_id","country_id","user_status_id","user_category_id","full_name","first_name","middle_name","last_name","primary_email_address","primary_phone_number","addr_ln1","addr_ln2","addr_ln3","city_name","zip_code","last_location","last_update_date","time_zone","profile_picture_path","gender","language_1","language_2","language_3","promotion_wizard_stage","promotion_wizard_last_update_date","external_auth_provider","dob"
"U0001","191.9","191","1","2","Margaret Joshua Johnson","Margaret","Joshua","Johnson","rhodespatricia@example.org","001-260-501-3389","79402 Peterson Drives Apt. 511","Suite 155","","Lindsaymouth","70785","-56.4922325,23.224098","2025-05-22 23:03:35","America/Campo_Grande","/assets/profiles/U0001.jpg","Female","English","German","","2","2025-05-17 23:03:35","Email","1960-06-06"
"U0002","225.16","225","1","2","Elaine Fuller","Elaine","","Fuller","barbara10@example.net","441.731.6475","41928 Frank Light Suite 835","Apt. 305","","Adamsborough","74842","-5.529299,-65.846995","2026-02-27 10:09:45","Africa/Ndjamena","/assets/profiles/U0002.jpg","Non-binary","English","Spanish","","1","2026-02-03 10:09:45","Apple","2005-07-01"
"U0003","57.6","57","1","2","Jennifer Stephen Rocha","Jennifer","Stephen","Rocha","julieryan@example.net","001-369-265-3287","26916 Carlson Mountain","Suite 801","","Kaylamouth","15122","-11.2141595,53.412819","2025-05-22 23:55:16","Africa/Djibouti","/assets/profiles/U0003.jpg","Prefer not to say","English","Hindi","","3","2025-05-07 23:55:16","Apple","1963-04-08"
"U0004","174.77","174","1","2","Aaron Bowen","Aaron","","Bowen","williamrodriguez@example.net","289-332-5288x0957","3039 Christopher Oval Apt. 822","","","Arroyoburgh","35242","51.646352,145.662628","2025-07-10 01:26:09","Europe/Oslo","/assets/profiles/U0004.jpg","Male","English","Spanish","","3","2025-07-07 01:26:09","Facebook","1994-03-20"
"U0005","16.66","16","2","2","Timothy Campos","Timothy","","Campos","raymond57@example.net","213.331.5098x393","10518 Joshua Oval","","","New David","75348","64.675636,73.763327","2025-06-15 21:20:09","America/Tegucigalpa","/assets/profiles/U0005.jpg","Male","English","Hindi","","4","2025-05-18 21:20:09","Google","1992-03-09"
"U0006","58.73","58","1","2","Rhonda Lee","Rhonda","","Lee","agomez@example.com","001-801-406-5133x387","3178 Brent Plains Apt. 132","","","Tuckerborough","53066","-74.260179,-91.611119","2025-12-10 16:38:11","Indian/Mauritius","/assets/profiles/U0006.jpg","Prefer not to say","English","French","","1","2025-11-25 16:38:11","Google","1951-11-03"
"U0007","38.5","38","2","2","Victoria Baker","Victoria","","Baker","smitchell@example.net","+1-272-734-3098","97882 Susan Common","Apt. 191","","South David","75169","-23.907071,130.804800","2026-01-28 16:24:29","Africa/Kampala","/assets/profiles/U0007.jpg","Prefer not to say","English","French","","4","2026-01-27 16:24:29","Apple","1998-08-07"
"U0008","174.58","174","1","1","Manuel Brandy Barnes","Manuel","Brandy","Barnes","james53@example.com","(524)675-1079x9118","1354 Samuel Plains","Suite 980","","Sarahville","18102","-19.0079695,-118.029707","2025-07-30 15:15:10","Africa/Kinshasa","/assets/profiles/U0008.jpg","Male","English","Spanish","","1","2025-07-11 15:15:10","Apple","1980-10-25"
"U0009","44.9","44","1","1","Denise Jacobs","Denise","","Jacobs","gracefarrell@example.net","840.216.4005x2427","28059 Russell Canyon","Suite 505","","Lake John","13974","4.9398845,120.585174","2025-08-09 22:20:53","Africa/Niamey","/assets/profiles/U0009.jpg","Female","English","Spanish","","1","2025-07-18 22:20:53","Facebook","1994-01-28"
"U0010","232.173","232","1","1","Timothy Francisco Young","Timothy","Francisco","Young","nicolejohnson@example.net","563-542-1607x33754","365 Lin Trail","","","Michaelhaven","52887","53.939314,-2.215269","2026-02-07 15:24:44","Europe/Vienna","/assets/profiles/U0010.jpg","Male","English","Spanish","","1","2026-01-24 15:24:44","Email","1999-09-04"
"U0011","19.1","19","2","2","Sherri Beverly Green","Sherri","Beverly","Green","carlsonmichael@example.com","(798)816-9340x60883","595 Jennifer Hills","","","Elizabethmouth","53244","-10.635662,117.647935","2025-04-13 15:03:18","Asia/Harbin","/assets/profiles/U0011.jpg","Female","English","Hindi","","2","2025-03-22 15:03:18","Email","1963-04-23"
"U0012","19.27","19","1","2","Jennifer Erica Bentley","Jennifer","Erica","Bentley","richard04@example.com","969.495.7773","8951 Emily Fork","Apt. 200","","South Cheryl","10046","32.249846,42.501321","2025-06-05 08:31:28","Africa/Lusaka","/assets/profiles/U0012.jpg","Female","English","German","","3","2025-05-30 08:31:28","Apple","2006-09-05"
"U0013","65.9","65","1","1","Michelle Cruz","Michelle","","Cruz","dianasmith@example.org","001-763-928-7083x172","727 Green Gateway Suite 873","Suite 714","","West Matthew","71299","-68.3700995,-105.710992","2025-07-02 12:34:19","Europe/Prague","/assets/profiles/U0013.jpg","Female","English","French","","3","2025-06-15 12:34:19","Apple","1972-06-09"
"U0014","182.52","182","2","2","James Hernandez","James","","Hernandez","irussell@example.com","(803)566-9096x70546","46706 Caldwell Union Suite 272","Apt. 699","","North Dawnberg","61016","-41.217486,-153.003643","2025-04-23 17:07:42","Asia/Jerusalem","/assets/profiles/U0014.jpg","Male","English","Spanish","","1","2025-04-12 17:07:42","Facebook","1959-10-20"
"U0015","149.21","149","1","2","Garrett Matthew Gibson","Garrett","Matthew","Gibson","karen64@example.org","408.505.3100x3309","1937 Wang Expressway","","","Port Loriport","14669","65.339501,-166.214004","2025-08-24 00:11:04","Asia/Seoul","/assets/profiles/U0015.jpg","Male","English","Spanish","","3","2025-08-12 00:11:04","Google","2005-02-06"
"U0016","161.18","161","2","1","Jennifer Espinoza","Jennifer","","Espinoza","curtisbarton@example.net","+1-819-905-8651x850","5726 Jessica Run","Suite 987","","Grahamshire","35680","-3.482024,-48.200787","2025-11-14 17:13:27","Asia/Thimphu","/assets/profiles/U0016.jpg","Prefer not to say","English","Hindi","","2","2025-11-05 17:13:27","Facebook","1950-05-31"
"U0017","129.8","129","2","2","Sierra Steven Sanchez","Sierra","Steven","Sanchez","frogers@example.com","(273)554-5494","67837 West Brook","","","West Jeffreybury","40636","88.230411,132.220279","2025-12-14 06:26:24","Asia/Hovd","/assets/profiles/U0017.jpg","Prefer not to say","English","Hindi","","3","2025-12-04 06:26:24","Facebook","1986-10-10"
"U0018","48.15","48","2","1","Kristen Wendy Cooper","Kristen","Wendy","Cooper","jacqueline44@example.com","913.651.8233","34352 Smith Place Apt. 400","Suite 271","","New Justinfort","58234","1.4575535,-81.020509","2025-08-05 05:40:14","Africa/Ouagadougou","/assets/profiles/U0018.jpg","Prefer not to say","English","Spanish","","3","2025-07-30 05:40:14","Email","1982-09-11"
"U0019","109.26","109","2","2","Todd Lynn Woods","Todd","Lynn","Woods","rayglenda@example.org","(594)813-1869","4964 Chelsea Streets Apt. 334","Apt. 232","","East Aaronmouth","90858","69.399978,72.282341","2025-10-06 17:52:56","Asia/Tokyo","/assets/profiles/U0019.jpg","Male","English","German","","4","2025-09-16 17:52:56","Google","1972-07-05"
"U0020","212.3","212","1","1","Crystal Jacqueline Mann","Crystal","Jacqueline","Mann","sandrafrench@example.net","001-336-218-3242","9947 Taylor Hollow","Suite 488","","Kimton","57127","-3.477460,144.116295","2025-04-26 09:54:56","Asia/Jakarta","/assets/profiles/U0020.jpg","Non-binary","English","German","","3","2025-04-04 09:54:56","Apple","1976-02-21"
"U0021","209.1","209","1","2","Anna Mary Hayden","Anna","Mary","Hayden","keyemily@example.com","001-802-978-7429","5655 Mia Isle","","","Steeleport","87347","17.495582,115.330870","2025-11-12 18:51:16","Asia/Baku","/assets/profiles/U0021.jpg","Prefer not to say","English","","","4","2025-10-21 18:51:16","Facebook","1984-05-20"
"U0022","240.36","240","2","2","Anita Darrell King","Anita","Darrell","King","sandovalamy@example.com","6384597703","7109 Jennifer Inlet Apt. 861","Apt. 171","","South Sarah","38755","46.599291,-33.206128","2025-09-02 17:39:24","America/Managua","/assets/profiles/U0022.jpg","Prefer not to say","English","","","2","2025-08-11 17:39:24","Google","1997-10-24"
"U0023","107.27","107","2","2","William Sanchez","William","","Sanchez","mlee@example.net","001-921-446-5840x449","755 Gibson Islands Apt. 396","","","Port Kimberly","06221","-4.5901925,73.927189","2025-05-24 22:37:59","Africa/Casablanca","/assets/profiles/U0023.jpg","Male","English","Spanish","","4","2025-05-10 22:37:59","Facebook","1982-10-03"
"U0024","53.2","53","1","2","Jasmin Alvarado","Jasmin","","Alvarado","tylerjohnson@example.net","001-851-471-8702","4596 Melissa Walk","Suite 578","","New Caseyport","30318","-65.7389825,52.986657","2025-12-07 23:43:47","America/Belize","/assets/profiles/U0024.jpg","Prefer not to say","English","Spanish","","4","2025-12-02 23:43:47","Apple","2001-02-03"
"U0025","186.4","186","2","2","Jill Rebecca Benson","Jill","Rebecca","Benson","carternicholas@example.org","886.592.2219","237 Stevens Shores Apt. 748","Apt. 175","","Daniellechester","90981","-22.864769,65.261856","2025-08-02 17:51:47","Pacific/Tarawa","/assets/profiles/U0025.jpg","Female","English","Mandarin","","4","2025-07-12 17:51:47","Facebook","1948-05-16"
"U0026","149.34","149","1","2","Yvonne Castaneda","Yvonne","","Castaneda","karmstrong@example.com","001-740-564-0909x743","421 Kyle Mill","Apt. 952","","West Markchester","23522","-36.099557,-109.047250","2025-06-29 21:23:22","America/Paramaribo","/assets/profiles/U0026.jpg","Female","English","Spanish","","4","2025-06-15 21:23:22","Email","1952-07-01"
"U0027","219.57","219","2","1","Kiara Maria Mcintyre","Kiara","Maria","Mcintyre","scoffey@example.net","317-912-3685x16048","496 Rodriguez Fort Suite 098","","","Rosebury","85390","-73.030306,161.129883","2026-03-19 18:01:33","Europe/Warsaw","/assets/profiles/U0027.jpg","Non-binary","English","","","2","2026-03-03 18:01:33","Facebook","1962-09-24"
"U0028","195.7","195","2","2","Marie Wilson","Marie","","Wilson","wendy11@example.org","+1-826-375-8692","640 Robinson Mills Apt. 515","","","Bruceview","25379","-57.2080005,64.124531","2025-04-13 05:18:51","Africa/Gaborone","/assets/profiles/U0028.jpg","Prefer not to say","English","","","4","2025-03-20 05:18:51","Facebook","1948-04-30"
"U0029","31.19","31","2","2","Maria Harper","Maria","","Harper","john29@example.org","283-693-3529","84210 Alexis Turnpike","","","New Mario","23339","-18.765951,-151.868490","2025-04-18 09:53:53","Asia/Urumqi","/assets/profiles/U0029.jpg","Female","English","Hindi","","3","2025-04-07 09:53:53","Apple","1946-09-11"
"U0030","120.3","120","1","2","Joseph Thomas Reese","Joseph","Thomas","Reese","hayesjeffrey@example.net","3849700766","15921 Joshua Roads Suite 698","","","Shawnchester","13500","-59.287208,171.496342","2025-08-17 08:55:12","Africa/Bangui","/assets/profiles/U0030.jpg","Male","English","Spanish","","2","2025-08-09 08:55:12","Facebook","1998-03-09"
"U0031","203.1","203","2","2","Jeffrey Robert Beasley","Jeffrey","Robert","Beasley","gperry@example.com","(254)752-7111x16152","5604 Bell Ports","","","East Diane","29893","-60.950349,7.966017","2025-09-21 21:23:18","Asia/Bangkok","/assets/profiles/U0031.jpg","Male","English","Hindi","","4","2025-08-29 21:23:18","Facebook","2001-07-19"
"U0032","233.42","233","2","2","Ashley Ramirez","Ashley","","Ramirez","xbruce@example.net","+1-480-494-0244x550","20183 Barnes Junctions Apt. 545","","","North Ericton","88839","-68.100626,-33.915899","2026-02-06 06:19:14","America/Panama","/assets/profiles/U0032.jpg","Non-binary","English","Hindi","","4","2026-02-02 06:19:14","Apple","1960-08-19"
"U0033","85.31","85","1","1","Karla Ramos","Karla","","Ramos","reeddaniel@example.net","+1-497-684-0369x0034","1076 David Place Apt. 885","Apt. 606","","South Samanthamouth","75966","25.235123,127.841611","2025-06-21 11:43:14","Africa/Windhoek","/assets/profiles/U0033.jpg","Non-binary","English","Spanish","","3","2025-05-23 11:43:14","Apple","1963-10-31"
"U0034","181.37","181","2","2","Donna Tammy Sullivan","Donna","Tammy","Sullivan","xcollier@example.org","(313)369-6816x45352","5231 Jonathan Extensions","","","Port Katherine","10377","-42.447700,157.127430","2026-02-03 23:20:09","Asia/Riyadh","/assets/profiles/U0034.jpg","Prefer not to say","English","Hindi","","3","2026-01-28 23:20:09","Apple","1956-12-08"
"U0035","181.19","181","1","2","Nicole Wolf","Nicole","","Wolf","michelle52@example.com","377-644-9058","0054 Deanna Walk Apt. 998","","","Fordside","97352","-78.9880495,61.448941","2025-12-19 07:05:46","Pacific/Tongatapu","/assets/profiles/U0035.jpg","Prefer not to say","English","","","4","2025-12-04 07:05:46","Google","1975-10-16"
"U0036","66.1","66","2","2","Erica Alvarez","Erica","","Alvarez","vgarcia@example.net","482-703-7788","6659 Kristina Rue Suite 151","","","Mitchellberg","44195","-68.121978,132.855895","2025-04-22 19:10:36","Europe/Zagreb","/assets/profiles/U0036.jpg","Non-binary","English","Hindi","","3","2025-04-12 19:10:36","Email","1955-07-05"
"U0037","37.4","37","2","2","Sydney Diana Collins","Sydney","Diana","Collins","brookehurley@example.com","+1-265-728-1685","35733 Eric Hill Apt. 888","Apt. 592","","Mooreburgh","91313","77.7024955,-91.126838","2025-08-28 23:47:07","Pacific/Apia","/assets/profiles/U0037.jpg","Non-binary","English","French","","3","2025-08-20 23:47:07","Email","1990-04-20"
"U0038","6.6","6","1","2","Amanda Jennifer Diaz","Amanda","Jennifer","Diaz","karen73@example.net","847.835.9774","92407 Spencer Cove","","","West Christopherburgh","36256","30.6132085,95.604152","2025-11-21 21:38:02","Asia/Nicosia","/assets/profiles/U0038.jpg","Non-binary","English","Hindi","","1","2025-10-24 21:38:02","Google","1975-06-21"
"U0039","120.112","120","1","2","Anna Lozano","Anna","","Lozano","sarah60@example.com","653.961.5305x15220","779 Rebecca Brook","","","Jasonberg","72433","73.445007,103.345168","2025-09-20 23:17:23","Europe/Oslo","/assets/profiles/U0039.jpg","Prefer not to say","English","Mandarin","","3","2025-09-17 23:17:23","Facebook","2000-10-26"
"U0040","201.199","201","1","2","Paula Young","Paula","","Young","robertbauer@example.com","417-698-0893","95396 Elizabeth Corner Suite 188","","","South Morganton","83819","13.852662,20.415194","2025-04-17 07:31:45","Asia/Jakarta","/assets/profiles/U0040.jpg","Prefer not to say","English","","","1","2025-03-23 07:31:45","Facebook","1953-07-14"
"U0041","232.208","232","2","2","Heather John Jones","Heather","John","Jones","ingramjill@example.com","(405)385-2772","43030 Mahoney Passage Suite 874","","","Port Deborahport","47290","-77.167704,172.043097","2025-11-28 18:15:05","Africa/Maseru","/assets/profiles/U0041.jpg","Prefer not to say","English","French","","3","2025-11-05 18:15:05","Email","1989-12-16"
"U0042","120.5","120","2","2","Caleb Richardson","Caleb","","Richardson","ykline@example.com","(877)458-4161","1154 Griffin Stravenue Suite 275","","","Williamsstad","81090","26.753452,-32.599214","2025-09-01 02:56:43","Africa/Algiers","/assets/profiles/U0042.jpg","Male","English","Mandarin","","3","2025-08-17 02:56:43","Google","2005-10-09"
"U0043","208.11","208","1","2","Angela Walsh","Angela","","Walsh","stephaniethomas@example.net","+1-770-721-3556x9092","92856 Banks Gateway Apt. 027","Suite 814","","Janeborough","80700","-13.3410415,83.711096","2025-10-15 00:46:49","Europe/Paris","/assets/profiles/U0043.jpg","Non-binary","English","Mandarin","","1","2025-09-20 00:46:49","Email","1969-12-19"
"U0044","236.1","236","2","1","Brandy Gerald Jones","Brandy","Gerald","Jones","cochrantammy@example.com","+1-451-588-4422x5831","58957 Cheryl Corners Apt. 467","","","Hammondshire","10167","-56.357849,-9.797066","2025-09-18 15:12:33","Europe/Sarajevo","/assets/profiles/U0044.jpg","Prefer not to say","English","German","","3","2025-08-27 15:12:33","Google","1993-10-14"
"U0045","151.4","151","2","2","Joanna Frazier","Joanna","","Frazier","katrinaanderson@example.net","7186242253","3842 Mendez Course","","","New Shelly","20711","-44.0436835,173.654517","2025-05-18 14:38:14","Pacific/Efate","/assets/profiles/U0045.jpg","Non-binary","English","Hindi","","1","2025-05-03 14:38:14","Google","1968-09-07"
"U0046","165.6","165","2","2","Sarah Marcia Elliott","Sarah","Marcia","Elliott","frykelli@example.com","+1-639-969-0784x4736","027 Washington Ford","","","Catherinemouth","94658","-4.2841595,5.419405","2025-04-30 07:31:26","Africa/Maputo","/assets/profiles/U0046.jpg","Non-binary","English","Spanish","","2","2025-04-21 07:31:26","Facebook","1947-03-05"
"U0047","10.4","10","1","1","Paige Robertson","Paige","","Robertson","stevenadams@example.org","(710)746-9632","78774 Johnson Lock","","","Levyborough","76961","4.7295555,-153.876863","2025-07-31 16:50:52","Europe/Brussels","/assets/profiles/U0047.jpg","Prefer not to say","English","Spanish","","2","2025-07-15 16:50:52","Email","1952-06-20"
"U0048","48.1","48","2","2","Kathleen Khan","Kathleen","","Khan","amitchell@example.org","(624)356-5060x98358","784 David Court Suite 558","Suite 239","","Porterton","05601","-53.2145795,-1.200133","2025-12-15 22:49:06","America/Asuncion","/assets/profiles/U0048.jpg","Non-binary","English","French","","4","2025-11-27 22:49:06","Facebook","1989-10-06"
"U0049","201.207","201","2","2","Brittany Donald Barry","Brittany","Donald","Barry","phillipjensen@example.com","001-258-788-7947","169 Robles Stream Apt. 974","","","Lake Brett","63474","-44.228517,101.445091","2025-07-31 11:23:14","Africa/Lusaka","/assets/profiles/U0049.jpg","Prefer not to say","English","German","","3","2025-07-13 11:23:14","Apple","1986-12-17"
"U0050","229.39","229","1","2","Brittany Anthony Becker","Brittany","Anthony","Becker","andrewedwards@example.org","(836)789-7028x38578","8585 Bishop Fields","","","West Angela","29974","-10.109700,-24.842085","2025-05-11 10:46:21","Africa/Casablanca","/assets/profiles/U0050.jpg","Prefer not to say","English","Spanish","","2","2025-04-24 10:46:21","Email","1992-11-29"
"U0051","149.6","149","2","2","Michael Burns","Michael","","Burns","keith98@example.com","(652)640-4157x4733","99330 Dana Center","","","South Markfort","13679","-53.0989735,-177.218236","2025-08-12 05:33:12","Asia/Damascus","/assets/profiles/U0051.jpg","Male","English","","","4","2025-07-22 05:33:12","Google","1977-11-22"
"U0052","201.125","201","2","2","Jennifer Natalie Donovan","Jennifer","Natalie","Donovan","katelynmitchell@example.com","+1-401-693-8026x2067","49915 Gibson Row","Suite 287","","Jamesville","43844","-46.3807795,66.377829","2025-12-07 09:55:56","Asia/Phnom_Penh","/assets/profiles/U0052.jpg","Female","English","","","1","2025-11-22 09:55:56","Facebook","1977-09-25"
"U0053","147.16","147","1","2","Michelle Matthew Smith","Michelle","Matthew","Smith","gregorychase@example.com","(585)916-1227x53046","4990 Valdez Square Apt. 017","","","Erikhaven","92717","-6.522494,-116.962904","2025-11-05 06:34:36","Africa/Algiers","/assets/profiles/U0053.jpg","Female","English","Spanish","","4","2025-10-16 06:34:36","Facebook","1965-04-26"
"U0054","63.7","63","2","1","Holly Walker","Holly","","Walker","spencerzhang@example.com","(387)283-3918x78519","822 Bond Mills","Apt. 397","","New Seanton","59933","-54.581462,95.547836","2025-10-01 11:27:02","America/Managua","/assets/profiles/U0054.jpg","Female","English","German","","4","2025-09-08 11:27:02","Email","1954-05-01"
"U0055","27.6","27","2","2","Kristy Hansen","Kristy","","Hansen","jennifer64@example.org","001-639-810-6518x017","65676 Miller Shore","Apt. 512","","Ricebury","00956","-83.897034,-19.817589","2026-02-06 03:28:06","Europe/Warsaw","/assets/profiles/U0055.jpg","Non-binary","English","Spanish","","2","2026-01-24 03:28:06","Email","1991-01-09"
"U0056","97.16","97","1","1","Kim Morrow","Kim","","Morrow","eric31@example.org","+1-269-803-3119x0790","83028 Young Street Suite 995","","","West Nancy","87036","49.9222655,-61.328581","2025-09-24 15:48:39","Africa/Lagos","/assets/profiles/U0056.jpg","Non-binary","English","","","2","2025-09-03 15:48:39","Google","1962-01-31"
"U0057","109.34","109","1","1","Denise Brittany Hawkins","Denise","Brittany","Hawkins","conniesimmons@example.com","8564856624","34270 Faulkner Point Apt. 634","","","West Deborah","59455","9.6103565,-130.358772","2026-03-18 18:59:30","Africa/Mogadishu","/assets/profiles/U0057.jpg","Non-binary","English","","","2","2026-03-15 18:59:30","Email","1995-04-10"
"U0058","209.13","209","1","1","Amber Bennett","Amber","","Bennett","russojacob@example.net","001-583-873-5403x317","546 Ferguson Knolls","Suite 458","","Owensfort","42474","-35.473380,19.020690","2025-11-18 22:06:46","Asia/Kuwait","/assets/profiles/U0058.jpg","Prefer not to say","English","German","","3","2025-10-22 22:06:46","Facebook","1986-05-30"
"U0059","185.12","185","2","2","Amber Joyce Shields","Amber","Joyce","Shields","mphillips@example.com","969.937.8547","522 White Plains","Apt. 801","","Port Adamberg","83168","-27.875072,-143.509991","2025-07-09 01:03:47","America/St_Kitts","/assets/profiles/U0059.jpg","Prefer not to say","English","German","","1","2025-06-24 01:03:47","Google","1946-05-07"
"U0060","19.24","19","2","2","Adam Wagner","Adam","","Wagner","bhopkins@example.org","+1-286-800-8484","18233 Ochoa Grove","","","Millerfurt","60662","61.6666195,-49.428757","2025-04-22 05:54:29","Europe/Monaco","/assets/profiles/U0060.jpg","Male","English","","","3","2025-04-18 05:54:29","Facebook","1970-08-21"
"U0061","144.3","144","2","1","Elijah Christopher Clayton","Elijah","Christopher","Clayton","davisnicholas@example.net","500.921.7659x1803","14890 Sarah Island Apt. 392","Suite 142","","New Mary","51508","55.1061235,-1.903898","2025-12-07 03:55:39","Indian/Maldives","/assets/profiles/U0061.jpg","Male","English","Spanish","","1","2025-11-29 03:55:39","Facebook","2003-08-24"
"U0062","229.93","229","2","2","Rachel Norris","Rachel","","Norris","brian63@example.org","899-496-5047x73586","94311 Moore Station Apt. 655","","","North Adamport","58793","6.6146165,-35.170243","2025-10-10 06:11:59","America/Goose_Bay","/assets/profiles/U0062.jpg","Prefer not to say","English","","","2","2025-09-11 06:11:59","Apple","1950-07-31"
"U0063","240.48","240","2","1","Anita Angela Jordan","Anita","Angela","Jordan","johnsonmichael@example.org","+1-495-860-4661x839","44472 Gary Harbor","","","Evansland","47834","-22.434867,-47.612968","2025-09-04 05:43:10","Pacific/Apia","/assets/profiles/U0063.jpg","Prefer not to say","English","","","3","2025-08-17 05:43:10","Email","1980-02-11"
"U0064","118.9","118","1","2","Linda Gonzalez","Linda","","Gonzalez","adam65@example.net","(457)856-9245x9375","7935 Ramirez Turnpike Suite 519","Apt. 982","","Lake Stevenborough","57970","-11.7963745,-142.870723","2025-05-21 09:19:34","Africa/Niamey","/assets/profiles/U0064.jpg","Prefer not to say","English","Hindi","","1","2025-04-29 09:19:34","Facebook","1952-07-09"
"U0065","66.2","66","1","1","Brenda Johnny Turner","Brenda","Johnny","Turner","emccormick@example.com","+1-379-368-8680x589","529 Anna Rue","","","Rasmussenmouth","56921","-61.560725,-174.337206","2026-01-01 12:57:30","America/Belize","/assets/profiles/U0065.jpg","Female","English","French","","1","2025-12-23 12:57:30","Facebook","1955-09-25"
"U0066","139.5","139","1","2","Courtney Angela Burgess","Courtney","Angela","Burgess","seanmyers@example.net","001-382-350-7146","4573 Bailey Court","","","Bowenmouth","42301","-71.9680245,-18.796947","2025-11-08 04:03:17","Asia/Dhaka","/assets/profiles/U0066.jpg","Non-binary","English","Spanish","","2","2025-11-07 04:03:17","Email","1992-01-14"
"U0067","132.1","132","2","2","Alexander Cooper","Alexander","","Cooper","sarahyang@example.net","(482)458-6736","0937 Price Squares Apt. 341","","","Port Monicaburgh","48446","-2.4940915,-74.196553","2025-12-17 17:52:05","Asia/Karachi","/assets/profiles/U0067.jpg","Male","English","Spanish","","4","2025-11-30 17:52:05","Facebook","1952-09-07"
"U0068","233.27","233","2","2","Dennis Huffman","Dennis","","Huffman","candice96@example.net","355-479-2499","34125 William Manor Apt. 966","","","South Cynthia","91390","83.2106865,-86.995275","2025-12-02 23:23:45","Asia/Bangkok","/assets/profiles/U0068.jpg","Male","English","Spanish","","3","2025-11-12 23:23:45","Facebook","1981-02-25"
"U0069","45.25","45","1","2","Katherine Taylor","Katherine","","Taylor","wharvey@example.org","323.268.8767x6772","0438 Jackson Mount","Suite 881","","West Kimberlystad","71547","-78.8302605,56.956878","2026-02-19 18:20:35","Africa/Sao_Tome","/assets/profiles/U0069.jpg","Prefer not to say","English","","","2","2026-02-05 18:20:35","Apple","1966-08-25"
"U0070","233.3","233","2","2","Wanda Maria Garcia","Wanda","Maria","Garcia","nancy07@example.com","(417)513-3959x629","95849 Mario Squares","Suite 494","","East Sydneychester","08271","-15.556531,172.131633","2025-07-03 21:38:03","Asia/Harbin","/assets/profiles/U0070.jpg","Non-binary","English","","","4","2025-06-30 21:38:03","Google","1996-05-15"
"U0071","7.3","7","2","1","Danielle Maria Dawson","Danielle","Maria","Dawson","kburns@example.net","766-271-1684x577","751 Robinson Meadow","","","South Joseph","37672","0.665459,113.835104","2026-02-20 08:58:50","Europe/Istanbul","/assets/profiles/U0071.jpg","Non-binary","English","","","4","2026-01-23 08:58:50","Google","1997-01-22"
"U0072","201.127","201","1","2","Kylie Washington","Kylie","","Washington","williamsconnie@example.com","6124770632","54152 Randy Inlet Apt. 611","","","East Thomasberg","78315","-29.282353,98.874510","2026-03-12 00:35:51","Asia/Aqtau","/assets/profiles/U0072.jpg","Non-binary","English","Hindi","","2","2026-02-12 00:35:51","Google","1968-08-19"
"U0073","19.39","19","2","1","Adam Dominguez","Adam","","Dominguez","ebenson@example.org","861.411.5542","89092 Bell Forest","Apt. 697","","North Peggy","18852","-56.940236,136.525084","2025-05-15 14:29:15","Africa/Johannesburg","/assets/profiles/U0073.jpg","Male","English","German","","1","2025-05-09 14:29:15","Facebook","2000-11-05"
"U0074","74.9","74","1","1","Heather Jordan","Heather","","Jordan","joshuamiller@example.net","+1-699-240-4389x836","6137 Allison Bridge","","","Sarahberg","51204","62.573449,45.949389","2025-05-23 01:47:02","Asia/Rangoon","/assets/profiles/U0074.jpg","Prefer not to say","English","Mandarin","","2","2025-05-10 01:47:02","Apple","1999-01-28"
"U0075","25.8","25","2","1","Pamela Best","Pamela","","Best","matthewsalexander@example.org","3064848666","41832 Myers Roads Apt. 463","Apt. 316","","South Cherylton","41040","88.7993755,173.289168","2025-04-27 02:48:19","Africa/Mbabane","/assets/profiles/U0075.jpg","Non-binary","English","Mandarin","","1","2025-03-29 02:48:19","Google","1997-08-31"
"U0076","149.7","149","1","2","Barbara Jacqueline Zimmerman","Barbara","Jacqueline","Zimmerman","alexandra42@example.com","(641)305-6481","8507 Michael Glens Apt. 913","","","North Micheletown","32554","-77.656928,73.276686","2025-10-08 13:22:33","Asia/Rangoon","/assets/profiles/U0076.jpg","Female","English","German","","4","2025-09-16 13:22:33","Apple","1956-05-23"
"U0077","200.7","200","2","2","Tami Susan White","Tami","Susan","White","pwalker@example.com","001-854-319-5180x238","4518 Smith Flats Suite 949","","","South Micheal","65166","-37.5416925,113.431759","2025-10-30 11:32:43","Asia/Gaza","/assets/profiles/U0077.jpg","Prefer not to say","English","Hindi","","1","2025-10-29 11:32:43","Facebook","1947-08-25"
"U0078","233.59","233","1","1","Brittany Randolph","Brittany","","Randolph","cynthia05@example.org","001-564-813-8367x024","1918 Dana Lock Apt. 990","","","Batesberg","31535","-11.703813,-39.881558","2025-06-28 06:10:06","Asia/Kuwait","/assets/profiles/U0078.jpg","Female","English","","","3","2025-06-25 06:10:06","Apple","1946-11-14"
"U0079","11.1","11","1","2","Mercedes Moss","Mercedes","","Moss","jesus32@example.net","721-527-7561","7411 Lindsey Hollow Apt. 352","Apt. 356","","Lake Kentburgh","04574","18.553211,62.773652","2025-09-21 14:28:52","Asia/Bangkok","/assets/profiles/U0079.jpg","Prefer not to say","English","Mandarin","","4","2025-09-02 14:28:52","Apple","1966-11-20"
"U0080","129.64","129","2","2","Anna Garcia","Anna","","Garcia","smithmaria@example.org","(236)351-9941","721 Martinez Mountain","","","East Sandrachester","95453","16.031653,86.355831","2025-05-23 01:26:16","Europe/Vienna","/assets/profiles/U0080.jpg","Female","English","Hindi","","3","2025-04-29 01:26:16","Email","1999-04-06"
"U0081","149.1","149","2","2","Melinda Thompson","Melinda","","Thompson","joshuagriffin@example.org","9992934768","6263 Crystal Unions","","","South Kimberlystad","63374","56.1678845,80.210319","2026-03-17 12:28:52","Africa/Tripoli","/assets/profiles/U0081.jpg","Female","English","Mandarin","","2","2026-02-20 12:28:52","Google","1959-11-08"
"U0082","240.2","240","2","2","James White","James","","White","anthonycochran@example.com","5786593213","96522 Brittany Valley","Suite 905","","New Stacy","65018","55.525465,-14.078394","2025-11-16 16:00:00","Pacific/Galapagos","/assets/profiles/U0082.jpg","Male","English","Mandarin","","1","2025-11-04 16:00:00","Google","1966-12-10"
"U0083","85.9","85","1","2","Amanda Brown","Amanda","","Brown","foxaaron@example.net","425.325.0029","56915 Morris Estate Suite 752","","","Jeffreyshire","23484","11.571711,-15.275535","2025-06-22 17:55:09","Atlantic/Canary","/assets/profiles/U0083.jpg","Prefer not to say","English","Mandarin","","2","2025-06-11 17:55:09","Apple","1986-03-09"
"U0084","237.3","237","1","2","Elizabeth Aaron Thompson","Elizabeth","Aaron","Thompson","xrosales@example.net","4297593917","55215 Smith Fords","","","Lake Carlos","34141","-60.999684,-179.312183","2025-11-07 05:40:46","Europe/Brussels","/assets/profiles/U0084.jpg","Prefer not to say","English","German","","4","2025-10-24 05:40:46","Email","1993-01-05"
"U0085","93.11","93","1","2","Jessica Barnes","Jessica","","Barnes","ysnyder@example.com","+1-261-679-3271","4115 Pamela Estates","Apt. 815","","Bushchester","86174","-45.7089035,146.051167","2026-03-08 07:05:39","Pacific/Auckland","/assets/profiles/U0085.jpg","Female","English","German","","4","2026-03-03 07:05:39","Google","1956-07-24"
"U0086","225.13","225","1","2","Amy Rivera","Amy","","Rivera","donna43@example.org","8693872050","973 Anthony Extension Suite 171","","","Kristenfort","64607","87.446589,-37.726846","2025-09-04 17:14:13","Africa/Gaborone","/assets/profiles/U0086.jpg","Non-binary","English","Hindi","","2","2025-08-27 17:14:13","Facebook","1958-03-04"
"U0087","229.118","229","1","2","Cathy Mcclure","Cathy","","Mcclure","cwilliams@example.com","534-290-2115x869","687 Thomas Common Suite 089","Apt. 172","","East Lindsey","17040","-78.544276,47.297669","2025-06-10 05:33:04","America/Porto_Velho","/assets/profiles/U0087.jpg","Female","English","Spanish","","4","2025-05-29 05:33:04","Facebook","1970-05-19"
"U0088","75.16","75","2","1","Jessica Osborn","Jessica","","Osborn","luis11@example.com","+1-868-354-8709","29991 Anna Courts Suite 856","Suite 679","","Johnsonview","53319","-51.384843,151.917483","2025-05-26 04:47:50","Asia/Tashkent","/assets/profiles/U0088.jpg","Prefer not to say","English","Mandarin","","4","2025-05-20 04:47:50","Facebook","1987-12-04"
"U0089","94.7","94","1","2","Amanda Martin Preston","Amanda","Martin","Preston","xmccall@example.org","344-547-1324x75469","67850 Cameron Station Suite 289","","","East Jamesborough","08054","-23.027967,-162.245120","2025-04-17 21:53:50","Asia/Manila","/assets/profiles/U0089.jpg","Female","English","German","","1","2025-03-25 21:53:50","Google","1961-05-30"
"U0090","246.9","246","2","2","Tamara Joshua Bush","Tamara","Joshua","Bush","hreid@example.net","7357797279","1406 Frank Ports","","","Port Jeffrey","30006","-34.506074,-35.536855","2025-09-26 01:18:06","Africa/Bangui","/assets/profiles/U0090.jpg","Non-binary","English","Mandarin","","3","2025-09-18 01:18:06","Apple","2001-04-13"
"U0091","144.14","144","2","2","Jose Hancock","Jose","","Hancock","wellsdavid@example.org","+1-503-949-4466x574","896 Adrian Shore Suite 899","","","Kennethville","63643","-72.863872,0.540911","2025-12-19 17:02:04","Atlantic/Reykjavik","/assets/profiles/U0091.jpg","Male","English","French","","4","2025-12-04 17:02:04","Google","1997-06-23"
"U0092","178.8","178","1","2","Shannon Green","Shannon","","Green","jacob83@example.org","+1-565-720-7446x660","875 Bruce Ville","","","West Connor","17270","-20.568673,120.127833","2026-03-11 07:59:55","Africa/Cairo","/assets/profiles/U0092.jpg","Non-binary","English","Mandarin","","4","2026-03-08 07:59:55","Google","1993-08-19"
"U0093","219.65","219","1","1","Martha Jeffrey Walker","Martha","Jeffrey","Walker","vfrench@example.com","594-371-7099x917","460 Derrick Flats Suite 697","","","West Michelle","24140","-68.307338,81.767973","2025-07-27 00:42:51","Europe/Vilnius","/assets/profiles/U0093.jpg","Female","English","Spanish","","3","2025-07-24 00:42:51","Google","2004-07-17"
"U0094","230.17","230","2","2","Emily Brown","Emily","","Brown","kathleenjackson@example.org","512.796.6667x6008","8300 Jeremy Wells","Suite 421","","Gordonport","22392","-72.474650,-155.455146","2025-07-13 23:56:12","Asia/Bishkek","/assets/profiles/U0094.jpg","Prefer not to say","English","German","","1","2025-07-01 23:56:12","Google","1976-01-02"
"U0095","31.9","31","1","1","Joy Alexandria Meyer","Joy","Alexandria","Meyer","matthewvalenzuela@example.com","001-732-260-3323x098","489 Brittney Causeway Apt. 001","","","Wallaceville","72234","-22.1560805,74.689592","2026-03-09 14:59:24","Europe/Podgorica","/assets/profiles/U0095.jpg","Prefer not to say","English","Hindi","","1","2026-02-27 14:59:24","Facebook","1974-10-02"
"U0096","11.15","11","2","2","Christine Albert Jennings","Christine","Albert","Jennings","batesjoseph@example.net","001-526-618-9141x173","6420 Lozano Spurs","Suite 530","","Lake Christopherville","75756","89.5892075,85.270083","2025-12-11 17:37:59","Europe/Prague","/assets/profiles/U0096.jpg","Female","English","Mandarin","","4","2025-11-14 17:37:59","Apple","1973-11-18"
"U0097","236.5","236","2","2","Penny Jennifer Jones","Penny","Jennifer","Jones","stephenmadden@example.com","201.420.4556x110","5794 Nathan Junctions","","","North Richard","60340","-17.030361,27.079425","2025-07-07 03:33:34","Pacific/Ponape","/assets/profiles/U0097.jpg","Prefer not to say","English","French","","4","2025-06-14 03:33:34","Apple","2006-10-24"
"U0098","201.172","201","2","1","Rebecca Banks","Rebecca","","Banks","andersonjessica@example.org","769-279-7296","7167 Bryan Shoal","","","Alexanderhaven","97969","64.7930385,123.338628","2025-06-02 12:57:45","Europe/Athens","/assets/profiles/U0098.jpg","Non-binary","English","German","","4","2025-05-13 12:57:45","Apple","1999-06-22"
"U0099","154.2","154","1","2","Kelly Watts","Kelly","","Watts","pstanley@example.com","(362)989-0028x772","54083 Powell Freeway Apt. 779","Suite 177","","Davidfort","98180","85.388480,-170.460272","2025-05-05 18:11:35","America/Atikokan","/assets/profiles/U0099.jpg","Prefer not to say","English","German","","4","2025-04-26 18:11:35","Google","1987-04-25"
"U0100","237.6","237","1","1","Jason Hawkins","Jason","","Hawkins","connersylvia@example.net","988-737-5503x7589","13055 Kelley Landing Apt. 027","Apt. 614","","East David","51998","-32.1281325,65.374704","2026-02-13 12:29:59","Africa/Addis_Ababa","/assets/profiles/U0100.jpg","Male","English","German","","3","2026-01-31 12:29:59","Google","1945-04-03"
"U0101","95.1","95","2","2","Ashley Sara Perry","Ashley","Sara","Perry","bartonshannon@example.net","001-982-470-8086","216 Gordon Lights","","","Pettybury","36361","16.802413,4.070917","2025-12-15 19:17:15","Africa/Nairobi","/assets/profiles/U0101.jpg","Female","English","Spanish","","2","2025-11-28 19:17:15","Email","2002-03-26"
"U0102","188.4","188","2","1","Regina Taylor","Regina","","Taylor","megan85@example.net","001-383-733-9452x288","968 Rich Manors Apt. 810","","","Thomaston","26702","-18.333568,-93.598472","2025-12-26 15:04:41","Asia/Amman","/assets/profiles/U0102.jpg","Prefer not to say","English","Hindi","","2","2025-12-22 15:04:41","Facebook","1986-03-30"
"U0103","120.7","120","2","2","Brianna Brown","Brianna","","Brown","karenjohnson@example.com","298-838-6384","5800 Harris Ways Suite 359","Apt. 347","","Lake Charles","23280","47.9347145,-115.922411","2025-07-22 09:22:54","Europe/Malta","/assets/profiles/U0103.jpg","Prefer not to say","English","","","3","2025-06-30 09:22:54","Email","1998-08-14"
"U0104","48.1","48","1","2","Jessica Hawkins","Jessica","","Hawkins","adam72@example.org","(759)309-4798","328 Kristie Estate Suite 886","Apt. 533","","Markport","29133","75.9684355,104.809427","2025-05-31 06:26:16","America/Asuncion","/assets/profiles/U0104.jpg","Female","English","French","","4","2025-05-30 06:26:16","Email","1954-02-03"
"U0105","35.55","35","1","2","Ashley John Reed","Ashley","John","Reed","susanfleming@example.com","(216)648-4085x8877","8112 Courtney Fords","","","Port Gina","14122","-34.815155,108.704594","2025-11-23 02:34:51","Europe/Podgorica","/assets/profiles/U0105.jpg","Prefer not to say","English","German","","1","2025-11-08 02:34:51","Apple","1988-12-12"
"U0106","149.5","149","2","1","Maria Case","Maria","","Case","andrewlove@example.org","610-824-8193","6650 Nunez Place Apt. 919","Apt. 158","","West Kristinport","80004","-66.7789315,-28.861475","2025-12-21 04:51:41","Asia/Muscat","/assets/profiles/U0106.jpg","Non-binary","English","French","","3","2025-12-04 04:51:41","Email","1996-01-26"
"U0107","121.5","121","2","2","Jennifer Guerrero","Jennifer","","Guerrero","derekmyers@example.net","824-350-8821x0099","53682 Jack Ridges Suite 312","","","Port Karenside","60959","83.053497,115.098942","2025-05-29 11:30:45","Asia/Brunei","/assets/profiles/U0107.jpg","Non-binary","English","German","","1","2025-05-12 11:30:45","Facebook","1977-07-01"
"U0108","75.63","75","2","1","Megan James King","Megan","James","King","michael31@example.com","+1-713-757-7594x929","05336 Larsen Dale Suite 777","","","Kimfort","72809","-60.7854615,-85.634113","2025-10-04 23:24:57","Asia/Phnom_Penh","/assets/profiles/U0108.jpg","Non-binary","English","Spanish","","4","2025-09-05 23:24:57","Email","1984-10-01"
"U0109","201.43","201","2","2","Sarah Trevino","Sarah","","Trevino","josemercado@example.org","001-910-480-9969x308","3942 Mason Course Suite 580","","","Port Tamara","80983","-45.4817115,96.025028","2026-03-10 21:57:45","America/Havana","/assets/profiles/U0109.jpg","Prefer not to say","English","Spanish","","1","2026-03-04 21:57:45","Apple","1954-10-08"
"U0110","140.1","140","1","1","Caitlin Ariel Knight","Caitlin","Ariel","Knight","ccrosby@example.org","001-273-214-5303x856","84498 Nicholas Lane Suite 918","","","Nicholasbury","68182","18.942436,9.460672","2025-05-25 13:08:46","Africa/Tripoli","/assets/profiles/U0110.jpg","Non-binary","English","Hindi","","1","2025-05-16 13:08:46","Apple","2004-08-05"
"U0111","182.28","182","2","2","Rebecca Eaton","Rebecca","","Eaton","scotthall@example.net","+1-943-922-2591x3651","92603 David Ramp Apt. 280","Apt. 024","","New Susan","79059","61.291484,162.321087","2025-10-10 15:55:54","Asia/Yerevan","/assets/profiles/U0111.jpg","Female","English","Mandarin","","4","2025-10-02 15:55:54","Facebook","1945-09-09"
"U0112","107.17","107","2","1","Travis Catherine Robinson","Travis","Catherine","Robinson","ajackson@example.net","(392)598-4257","2103 Serrano Rest Apt. 279","Apt. 881","","South Donnaside","00658","84.2768175,51.658093","2026-03-01 14:18:59","Europe/Bratislava","/assets/profiles/U0112.jpg","Male","English","French","","3","2026-02-27 14:18:59","Google","1977-04-28"
"U0113","198.1","198","2","1","Jacqueline Alyssa Williams","Jacqueline","Alyssa","Williams","yclarke@example.com","001-691-862-4731","00981 Nicholas Ford Suite 651","","","South Denise","33745","-19.857040,107.819121","2026-03-29 05:11:44","Europe/Oslo","/assets/profiles/U0113.jpg","Prefer not to say","English","Spanish","","1","2026-03-15 05:11:44","Facebook","1960-11-09"
"U0114","19.24","19","2","1","Lisa Raymond Braun","Lisa","Raymond","Braun","jwhite@example.net","844.795.6213x7213","60127 Davis Greens","","","West Christopher","05449","13.1667275,35.094570","2025-09-06 06:02:16","America/Caracas","/assets/profiles/U0114.jpg","Non-binary","English","Spanish","","2","2025-08-25 06:02:16","Email","1959-02-07"
"U0115","120.67","120","2","1","Michelle Sonya Harper","Michelle","Sonya","Harper","mgonzales@example.net","443.309.8839x20530","5669 April Street Apt. 184","Suite 543","","South Sarah","75855","-88.7513855,-39.818974","2025-06-05 20:07:03","Pacific/Galapagos","/assets/profiles/U0115.jpg","Prefer not to say","English","Mandarin","","1","2025-05-31 20:07:03","Google","2001-01-21"
"U0116","232.1","232","2","1","Katie Wesley Hansen","Katie","Wesley","Hansen","nancy94@example.net","669.373.5779x071","335 Moses Path Apt. 434","","","South Emilymouth","10466","58.861284,-84.176195","2025-05-14 05:04:30","America/Asuncion","/assets/profiles/U0116.jpg","Non-binary","English","German","","2","2025-05-07 05:04:30","Apple","1968-05-17"
"U0117","44.1","44","1","2","Hayden Shannon","Hayden","","Shannon","victorgonzalez@example.net","343.333.3952","790 Melanie Landing","Suite 794","","Whitehaven","37236","16.804964,-60.764847","2025-06-08 18:08:48","Europe/London","/assets/profiles/U0117.jpg","Male","English","Hindi","","4","2025-06-03 18:08:48","Facebook","1963-07-21"
"U0118","105.13","105","1","2","Amy Lloyd","Amy","","Lloyd","shawphillip@example.net","001-727-618-7500x369","434 Mullen Junctions","Suite 276","","South Jaclyn","49300","7.9998755,35.066513","2026-03-29 16:41:10","Europe/Rome","/assets/profiles/U0118.jpg","Non-binary","English","Mandarin","","3","2026-03-03 16:41:10","Google","1977-10-16"
"U0119","75.32","75","2","1","Christopher Anderson","Christopher","","Anderson","lisale@example.org","+1-866-932-2702","885 Evans Points","","","South Coreyburgh","08370","-32.160932,-43.479266","2025-12-21 04:34:00","America/Asuncion","/assets/profiles/U0119.jpg","Male","English","French","","4","2025-11-28 04:34:00","Facebook","1984-06-06"
"U0120","232.221","232","1","1","Joanna Michael Cook","Joanna","Michael","Cook","maurice61@example.com","+1-893-699-8245x5877","225 Welch Ports Suite 112","Suite 355","","Jenniferfurt","36054","29.426500,14.972637","2025-11-01 06:40:10","Asia/Dubai","/assets/profiles/U0120.jpg","Prefer not to say","English","Mandarin","","2","2025-10-14 06:40:10","Email","1983-05-17"
"U0121","35.52","35","1","2","Jennifer White","Jennifer","","White","ebonyshepard@example.net","001-313-326-1117x800","216 Perez Street Suite 722","","","North Austin","47272","-2.704437,75.633628","2025-05-17 07:55:43","Atlantic/Azores","/assets/profiles/U0121.jpg","Prefer not to say","English","Mandarin","","3","2025-04-29 07:55:43","Email","1946-10-25"
"U0122","173.14","173","2","1","Taylor Dunn","Taylor","","Dunn","brittanybryant@example.net","+1-796-888-4578x3174","40082 Mitchell Place Apt. 774","","","Port Russellport","78751","-27.933591,-176.124874","2025-12-25 16:47:19","Asia/Damascus","/assets/profiles/U0122.jpg","Prefer not to say","English","","","3","2025-12-15 16:47:19","Google","1954-06-09"
"U0123","75.39","75","2","2","Chelsea Samuel Khan","Chelsea","Samuel","Khan","oclayton@example.com","863-589-4484","24179 Nelson Road","Suite 350","","North Tara","03401","-40.0877575,-125.092340","2025-06-01 04:15:15","America/Jamaica","/assets/profiles/U0123.jpg","Prefer not to say","English","French","","3","2025-05-30 04:15:15","Email","1962-04-01"
"U0124","58.9","58","2","2","Beth Alan Gonzales","Beth","Alan","Gonzales","snydermatthew@example.com","457.505.1204x6187","0136 Wright Bypass Apt. 718","","","South Paul","41409","-3.2783855,-94.846134","2025-05-27 06:56:45","Africa/Lusaka","/assets/profiles/U0124.jpg","Non-binary","English","Mandarin","","2","2025-05-19 06:56:45","Google","1951-05-19"
"U0125","144.13","144","1","1","Patrick David Dunn","Patrick","David","Dunn","james03@example.org","565.202.4916","792 Townsend Gateway","","","South Christopher","81588","0.8444895,155.615364","2025-12-02 17:54:36","Asia/Bahrain","/assets/profiles/U0125.jpg","Male","English","Hindi","","4","2025-11-11 17:54:36","Facebook","1977-12-28"
"U0126","201.124","201","1","2","Heather Moore","Heather","","Moore","martinezjesse@example.net","+1-657-930-6524x0778","285 Oconnor Harbor","Apt. 182","","Phillipsview","71490","8.546066,63.781798","2026-01-31 03:28:20","Europe/Andorra","/assets/profiles/U0126.jpg","Non-binary","English","Spanish","","2","2026-01-13 03:28:20","Google","1981-09-28"
"U0127","201.14","201","1","2","Nicholas Andrade","Nicholas","","Andrade","kimberly35@example.net","686-738-7829","511 Bradley Curve Apt. 031","Suite 310","","Barretthaven","82286","68.4576955,-42.594047","2026-02-25 12:42:00","Europe/Brussels","/assets/profiles/U0127.jpg","Male","English","German","","3","2026-02-10 12:42:00","Apple","1987-06-01"
"U0128","29.1","29","1","1","Connie Alexander Robbins","Connie","Alexander","Robbins","fhebert@example.com","+1-305-586-5094x8014","38633 Ashley Fall","Suite 195","","Parkchester","14145","-45.222465,-83.150348","2025-06-18 20:03:08","Asia/Damascus","/assets/profiles/U0128.jpg","Non-binary","English","German","","2","2025-06-12 20:03:08","Apple","2007-12-02"
"U0129","233.37","233","1","2","Kathy Sandoval","Kathy","","Sandoval","umahoney@example.net","956-965-9398x36845","04908 Victoria Hollow Apt. 433","","","Andrewview","73070","47.2433945,118.673680","2025-11-17 18:05:31","Pacific/Tongatapu","/assets/profiles/U0129.jpg","Non-binary","English","French","","4","2025-11-06 18:05:31","Facebook","1981-07-29"
"U0130","79.4","79","2","2","Brandon Stevens","Brandon","","Stevens","michael93@example.org","341-696-9315x727","961 Sandra Isle","","","Nicholechester","55095","-57.642649,-58.281877","2025-05-22 12:31:48","Asia/Dubai","/assets/profiles/U0130.jpg","Male","English","Spanish","","1","2025-05-07 12:31:48","Email","1955-11-13"
"U0131","174.81","174","2","2","Madison Brian Chen","Madison","Brian","Chen","amber25@example.net","001-632-806-7998x136","51790 Baker Locks","","","Ayalaberg","18178","39.096650,120.269850","2025-04-14 18:19:07","Pacific/Fiji","/assets/profiles/U0131.jpg","Female","English","","","3","2025-03-31 18:19:07","Apple","1980-12-04"
"U0132","64.14","64","1","2","Jennifer Ann Duncan","Jennifer","Ann","Duncan","johnadams@example.com","491-716-6553x55904","270 James Landing Apt. 110","","","New Sara","38208","-86.313498,4.292414","2025-10-19 08:48:56","Europe/Chisinau","/assets/profiles/U0132.jpg","Female","English","Mandarin","","4","2025-10-15 08:48:56","Facebook","1995-04-22"
"U0133","31.22","31","2","2","Elizabeth Martin Ruiz","Elizabeth","Martin","Ruiz","jamesmills@example.com","+1-679-420-6980","3940 Pena Branch","","","South Donnastad","14642","-84.878701,-22.967633","2025-10-24 17:02:47","Africa/Bangui","/assets/profiles/U0133.jpg","Non-binary","English","Spanish","","2","2025-10-05 17:02:47","Google","1995-08-08"
"U0134","201.122","201","1","2","Crystal James","Crystal","","James","todd98@example.org","(638)778-0038","2055 Garrett Freeway Suite 046","Apt. 843","","West Penny","86606","-53.154367,-132.865412","2025-05-07 10:50:45","Africa/Johannesburg","/assets/profiles/U0134.jpg","Prefer not to say","English","","","4","2025-04-25 10:50:45","Apple","1993-07-15"
"U0135","135.62","135","1","2","Kelly Monique Gregory","Kelly","Monique","Gregory","jallen@example.com","495-878-2329x8324","925 Angela Stravenue","Apt. 252","","Port Lucaschester","54404","-8.570613,57.836221","2025-06-26 02:15:16","Europe/Zurich","/assets/profiles/U0135.jpg","Female","English","Hindi","","4","2025-06-08 02:15:16","Apple","1991-12-17"
"U0136","232.65","232","1","2","Christian Lopez","Christian","","Lopez","farmercheryl@example.com","+1-999-739-3305x172","7722 Jeremy Lodge","","","West Stephaniebury","97804","-35.552277,-70.176555","2025-06-09 12:26:03","Africa/Bujumbura","/assets/profiles/U0136.jpg","Male","English","Spanish","","4","2025-05-20 12:26:03","Google","1954-03-12"
"U0137","201.139","201","2","2","Tammy Michelle Duke","Tammy","Michelle","Duke","michelle36@example.com","001-909-965-6999x880","88608 Black Roads","","","East Kellyfurt","40419","-13.250387,67.683874","2025-12-21 21:49:02","America/Dominica","/assets/profiles/U0137.jpg","Female","English","","","3","2025-12-13 21:49:02","Email","1978-08-01"
"U0138","233.33","233","2","1","Elizabeth Ellison","Elizabeth","","Ellison","stevenlucas@example.org","001-981-529-8266x570","45211 Jasmin Roads Suite 186","Apt. 686","","Port Georgemouth","74621","87.041327,-99.421185","2025-10-16 12:58:42","Europe/Copenhagen","/assets/profiles/U0138.jpg","Prefer not to say","English","","","4","2025-09-20 12:58:42","Email","1992-03-11"
"U0139","232.43","232","2","1","Cassidy Joseph","Cassidy","","Joseph","jessica74@example.net","(912)930-9407","733 Chavez Mills","","","New Carolbury","72242","-15.3446275,152.734358","2025-07-27 09:49:12","Asia/Aden","/assets/profiles/U0139.jpg","Prefer not to say","English","Mandarin","","4","2025-07-19 09:49:12","Facebook","1973-10-17"
"U0140","201.33","201","1","1","Amber Denise Hernandez","Amber","Denise","Hernandez","estradamary@example.com","710-216-2249x99827","5561 Bridges Circles","","","Thomasville","91546","-16.3363335,-3.257518","2025-05-25 05:27:35","Africa/Freetown","/assets/profiles/U0140.jpg","Female","English","Hindi","","2","2025-05-12 05:27:35","Facebook","1947-09-28"
"U0141","182.8","182","1","2","Kelly Dominguez","Kelly","","Dominguez","duncantiffany@example.net","779-446-9548","772 Jeanette Fields Apt. 107","Apt. 396","","Williamsstad","73955","81.1285545,-66.001940","2025-04-21 08:47:30","America/Antigua","/assets/profiles/U0141.jpg","Female","English","German","","1","2025-04-03 08:47:30","Facebook","1986-11-22"
"U0142","69.9","69","2","1","Melissa King","Melissa","","King","william50@example.org","+1-455-969-9023x5577","785 Bowers Loop","","","Port Adrianashire","95523","-5.3078515,118.058492","2025-07-27 07:07:13","Africa/Mogadishu","/assets/profiles/U0142.jpg","Female","English","Spanish","","2","2025-06-27 07:07:13","Facebook","1949-11-10"
"U0143","133.21","133","1","2","Christine Lauren Jennings","Christine","Lauren","Jennings","carl24@example.org","868-329-9629x14504","57438 Thompson Landing Apt. 317","","","Port Timothyhaven","20696","-38.9404405,2.598335","2026-02-01 19:42:19","Europe/Bucharest","/assets/profiles/U0143.jpg","Prefer not to say","English","French","","3","2026-01-07 19:42:19","Email","2005-09-03"
"U0144","34.19","34","2","1","Patricia Monica Thomas","Patricia","Monica","Thomas","jamiejohnson@example.com","001-681-204-0915x701","353 Justin Place Suite 714","","","East Joshua","02500","77.2205145,120.446794","2026-03-29 01:29:17","Asia/Singapore","/assets/profiles/U0144.jpg","Non-binary","English","Spanish","","2","2026-03-05 01:29:17","Facebook","2001-03-10"
"U0145","105.1","105","2","1","Christine Lucas Bell","Christine","Lucas","Bell","audrey21@example.com","+1-358-870-2070x160","99795 Cook Flat Apt. 792","","","Port Leahmouth","13249","32.2949445,-13.359733","2025-12-28 07:31:28","Asia/Vientiane","/assets/profiles/U0145.jpg","Non-binary","English","French","","3","2025-12-20 07:31:28","Apple","1954-11-16"
"U0146","75.122","75","2","2","Julie Meza","Julie","","Meza","roberta62@example.net","+1-755-477-0171x5772","1581 Patel Locks","","","Allenbury","72321","-47.313317,78.972921","2026-02-27 04:28:16","Indian/Maldives","/assets/profiles/U0146.jpg","Female","English","Hindi","","4","2026-02-12 04:28:16","Facebook","1955-01-09"
"U0147","113.12","113","1","2","Glen Cervantes","Glen","","Cervantes","vbradley@example.net","001-332-919-7199x758","6191 Murphy Rue","","","North Jeffberg","76623","80.7606035,-179.901036","2025-09-13 05:04:02","Asia/Taipei","/assets/profiles/U0147.jpg","Male","English","French","","1","2025-09-06 05:04:02","Apple","1985-06-16"
"U0148","196.16","196","2","2","Mary Chavez","Mary","","Chavez","rgonzalez@example.com","294-765-1909x8624","85140 Ryan Ramp","Suite 566","","Grahamborough","87334","-43.4505785,74.944650","2025-08-28 05:22:26","America/Havana","/assets/profiles/U0148.jpg","Non-binary","English","French","","1","2025-07-29 05:22:26","Google","1965-01-29"
"U0149","121.6","121","2","1","Kristi Michael Bridges","Kristi","Michael","Bridges","whitney22@example.org","902-876-2126","8687 Kelly Ferry","","","Jacobsshire","65795","-26.447916,89.363601","2025-05-28 16:20:51","Asia/Baghdad","/assets/profiles/U0149.jpg","Non-binary","English","","","2","2025-05-18 16:20:51","Google","1973-08-20"
"U0150","107.8","107","2","1","Timothy Johnston","Timothy","","Johnston","hbush@example.net","312.684.7818x9137","8077 Berry Isle","","","Gomezport","38408","-45.0348685,-161.034371","2025-04-13 11:23:59","Europe/Chisinau","/assets/profiles/U0150.jpg","Male","English","Spanish","","1","2025-03-21 11:23:59","Facebook","1947-07-09"
